code,time,price,volume,ticker_direction
HK.01876,15:00:00,21.3,100,BUY
HK.00763,15:00:00,21.35,1800,BUY
HK.01876,15:00:03,21.25,900,SELL
HK.01876,15:00:03,21.3,100,BUY
HK.01958,15:00:06,3.93,3000,NEUTRAL
HK.00763,15:00:10,21.35,200,BUY
HK.00763,15:00:10,21.35,7000,BUY
HK.00763,15:00:11,21.35,200,SELL
HK.00763,15:00:11,21.4,2600,BUY
HK.01876,15:00:14,21.3,800,BUY
HK.09959,15:00:17,6.83,2000,BUY
HK.08083,15:00:17,0.67,28000,NEUTRAL
HK.08083,15:00:18,0.67,8000,BUY
HK.01876,15:00:24,21.3,700,BUY
HK.01958,15:00:24,3.92,500,SELL
HK.01958,15:00:25,3.92,3000,SELL
HK.01317,15:00:28,0.68,6000,SELL
HK.01958,15:00:28,3.93,500,BUY
HK.01876,15:00:35,21.3,500,BUY
HK.00451,15:00:36,0.255,18000,BUY
HK.08083,15:00:42,0.67,12000,BUY
HK.01958,15:00:45,3.93,23000,BUY
HK.01958,15:00:45,3.93,12000,NEUTRAL
HK.01958,15:00:45,3.93,500,NEUTRAL
HK.08083,15:00:46,0.67,20000,BUY
HK.08083,15:00:47,0.67,4000,BUY
HK.08083,15:00:50,0.66,4000,SELL
HK.09959,15:00:54,6.83,500,BUY
HK.01958,15:00:56,3.94,9000,BUY
HK.01876,15:01:00,21.3,600,NEUTRAL
HK.00179,15:01:01,16.52,16500,SELL
HK.00179,15:01:02,16.5,3500,SELL
HK.00763,15:01:04,21.375,200,NEUTRAL
HK.00179,15:01:04,16.5,5000,SELL
HK.00179,15:01:04,16.52,500,BUY
HK.08083,15:01:06,0.67,4000,NEUTRAL
HK.01958,15:01:07,3.94,500,BUY
HK.01958,15:01:07,3.94,2500,NEUTRAL
HK.01317,15:01:07,0.68,350000,SELL
HK.01958,15:01:09,3.93,500,NEUTRAL
HK.01876,15:01:11,21.3,700,BUY
HK.09959,15:01:14,6.83,1000,BUY
HK.09959,15:01:14,6.83,500,BUY
HK.00777,15:01:21,20.2,500,BUY
HK.00763,15:01:24,21.4,400,BUY
HK.09959,15:01:28,6.83,1000,BUY
HK.01958,15:01:30,3.93,500,NEUTRAL
HK.01876,15:01:31,21.25,1000,SELL
HK.01958,15:01:38,3.94,112500,BUY
HK.01958,15:01:39,3.93,18500,NEUTRAL
HK.01958,15:01:39,3.93,11000,SELL
HK.01958,15:01:39,3.93,14500,SELL
HK.01958,15:01:39,3.93,29500,SELL
HK.01958,15:01:41,3.94,500,BUY
HK.00179,15:01:43,16.52,500,BUY
HK.00179,15:01:43,16.52,1500,BUY
HK.01876,15:01:44,21.3,800,BUY
HK.08083,15:01:47,0.67,8000,BUY
HK.08083,15:01:48,0.67,4000,BUY
HK.09959,15:01:49,6.83,500,BUY
HK.01876,15:01:51,21.3,600,BUY
HK.00777,15:01:52,20.2,500,BUY
HK.08083,15:01:54,0.66,4000,SELL
HK.01958,15:01:55,3.93,500,NEUTRAL
HK.09959,15:01:56,6.83,1000,NEUTRAL
HK.09959,15:01:56,6.83,29000,BUY
HK.09959,15:01:56,6.83,500,NEUTRAL
HK.09959,15:01:56,6.83,1500,BUY
HK.00777,15:02:02,20.2,500,BUY
HK.00763,15:02:04,21.375,200,NEUTRAL
HK.09959,15:02:05,6.84,5000,BUY
HK.09959,15:02:05,6.84,7500,BUY
HK.09959,15:02:05,6.84,10000,BUY
HK.09959,15:02:05,6.84,5000,BUY
HK.01876,15:02:06,21.3,1000,BUY
HK.00179,15:02:09,16.52,4500,BUY
HK.00179,15:02:09,16.52,500,BUY
HK.00179,15:02:10,16.52,1500,BUY
HK.01958,15:02:15,3.93,1500,NEUTRAL
HK.01958,15:02:15,3.93,500,NEUTRAL
HK.09959,15:02:16,6.85,500,BUY
HK.01876,15:02:19,21.25,200,SELL
HK.09959,15:02:25,6.85,500,BUY
HK.01317,15:02:28,0.68,26000,NEUTRAL
HK.09959,15:02:28,6.855,500,NEUTRAL
HK.09959,15:02:28,6.855,500,NEUTRAL
HK.09959,15:02:28,6.85,1000,BUY
HK.00451,15:02:29,0.255,100000,BUY
HK.01958,15:02:34,3.92,83500,SELL
HK.09959,15:02:36,6.86,2500,BUY
HK.00338,15:02:37,1.78,48000,SELL
HK.01958,15:02:37,3.93,2000,BUY
HK.08083,15:02:37,0.66,4000,SELL
HK.01876,15:02:40,21.3,600,BUY
HK.00451,15:02:40,0.255,16000,BUY
HK.00451,15:02:47,0.25,4000,SELL
HK.00451,15:02:47,0.25,6000,SELL
HK.00763,15:02:47,21.4,4400,BUY
HK.01876,15:02:50,21.25,1000,SELL
HK.09959,15:02:52,6.86,500,BUY
HK.08083,15:02:52,0.67,200000,BUY
HK.08083,15:02:53,0.67,36000,BUY
HK.01958,15:02:54,3.92,10000,BUY
HK.01958,15:02:54,3.92,2000,BUY
HK.00451,15:02:56,0.255,150000,BUY
HK.00777,15:02:57,20.2,500,BUY
HK.00451,15:03:00,0.25,32000,NEUTRAL
HK.00451,15:03:00,0.25,4000,NEUTRAL
HK.00451,15:03:00,0.25,38000,NEUTRAL
HK.09959,15:03:07,6.87,5500,BUY
HK.01876,15:03:09,21.3,800,BUY
HK.09959,15:03:12,6.88,4000,NEUTRAL
HK.09959,15:03:12,6.88,5500,BUY
HK.09959,15:03:12,6.88,5500,BUY
HK.01876,15:03:14,21.3,800,BUY
HK.08083,15:03:18,0.67,12000,BUY
HK.00777,15:03:21,20.2,500,BUY
HK.00451,15:03:21,0.255,88000,BUY
HK.01876,15:03:24,21.3,600,BUY
HK.01876,15:03:25,21.3,200,BUY
HK.09959,15:03:33,6.9,8500,BUY
HK.01876,15:03:36,21.3,500,BUY
HK.01876,15:03:38,21.3,900,BUY
HK.08083,15:03:40,0.67,24000,BUY
HK.08083,15:03:41,0.67,4000,BUY
HK.00451,15:03:46,0.255,10000,BUY
HK.09959,15:03:47,6.91,500,BUY
HK.00451,15:03:47,0.25,10000,SELL
HK.00777,15:03:50,20.2,500,BUY
HK.00451,15:03:54,0.255,150000,BUY
HK.00763,15:04:04,21.375,200,NEUTRAL
HK.00179,15:04:05,16.52,1000,BUY
HK.09959,15:04:08,6.89,2000,BUY
HK.00763,15:04:09,21.35,8400,NEUTRAL
HK.00763,15:04:09,21.35,11600,SELL
HK.00763,15:04:09,21.35,1200,SELL
HK.00763,15:04:09,21.35,200,BUY
HK.01876,15:04:10,21.25,1000,SELL
HK.01876,15:04:12,21.25,900,SELL
HK.01876,15:04:13,21.3,600,BUY
HK.00451,15:04:15,0.25,68000,SELL
HK.09959,15:04:17,6.9,3500,BUY
HK.09959,15:04:20,6.89,500,BUY
HK.00451,15:04:22,0.255,52000,BUY
HK.00777,15:04:24,20.175,1000,NEUTRAL
HK.00777,15:04:25,20.175,1000,NEUTRAL
HK.09959,15:04:27,6.89,10000,NEUTRAL
HK.01876,15:04:33,21.3,700,BUY
HK.09959,15:04:34,6.88,500,SELL
HK.09959,15:04:34,6.89,3500,BUY
HK.09959,15:04:44,6.89,4500,BUY
HK.09959,15:04:44,6.89,1500,BUY
HK.09959,15:04:44,6.89,4500,BUY
HK.09959,15:04:52,6.88,500,SELL
HK.09959,15:04:52,6.89,3500,BUY
HK.00451,15:04:54,0.255,104000,BUY
HK.00777,15:04:54,20.2,500,BUY
HK.01876,15:05:00,21.3,100,BUY
HK.01876,15:05:00,21.3,600,BUY
HK.09959,15:05:01,6.88,500,SELL
HK.09959,15:05:04,6.88,500,SELL
HK.08083,15:05:06,0.66,8000,SELL
HK.08083,15:05:07,0.67,4000,BUY
HK.00179,15:05:14,16.52,500,BUY
HK.00179,15:05:14,16.54,1500,BUY
HK.00179,15:05:14,16.52,14000,BUY
HK.01876,15:05:14,21.3,1000,BUY
HK.00179,15:05:15,16.54,4000,BUY
HK.00179,15:05:15,16.54,500,BUY
HK.09959,15:05:16,6.89,1000,BUY
HK.00179,15:05:16,16.54,1000,BUY
HK.00763,15:05:18,21.1,145,NEUTRAL
HK.00179,15:05:18,16.52,3500,NEUTRAL
HK.00179,15:05:19,16.54,1000,BUY
HK.08083,15:05:20,0.67,32000,BUY
HK.08083,15:05:21,0.67,4000,BUY
HK.00777,15:05:21,20.2,500,BUY
HK.00451,15:05:23,0.255,138000,BUY
HK.00777,15:05:26,20.2,500,BUY
HK.00777,15:05:26,20.2,500,BUY
HK.00338,15:05:28,1.79,2000,BUY
HK.01876,15:05:28,21.3,700,BUY
HK.01876,15:05:29,21.25,900,SELL
HK.08083,15:05:32,0.66,4000,SELL
HK.08083,15:05:32,0.67,24000,BUY
HK.08083,15:05:33,0.67,4000,BUY
HK.01958,15:05:42,3.92,44500,BUY
HK.01958,15:05:42,3.92,21000,NEUTRAL
HK.01876,15:05:46,21.3,600,BUY
HK.01958,15:05:46,3.92,3000,SELL
HK.01876,15:05:47,21.3,100,BUY
HK.00777,15:05:52,20.2,500,BUY
HK.00777,15:05:52,20.2,500,BUY
HK.09959,15:05:52,6.89,1500,BUY
HK.09959,15:05:54,6.9,500,BUY
HK.01876,15:05:55,21.3,100,BUY
HK.00451,15:05:56,0.255,18000,BUY
HK.00451,15:05:57,0.255,160000,BUY
HK.00451,15:06:00,0.25,980000,SELL
HK.01876,15:06:00,21.3,1000,BUY
HK.00763,15:06:04,21.325,200,NEUTRAL
HK.08083,15:06:07,0.67,4000,BUY
HK.08083,15:06:08,0.67,4000,BUY
HK.09959,15:06:12,6.91,500,BUY
HK.09959,15:06:15,6.91,500,BUY
HK.09959,15:06:15,6.91,5500,BUY
HK.00777,15:06:21,20.2,500,BUY
HK.09959,15:06:23,6.94,500,BUY
HK.00777,15:06:25,20.2,1000,BUY
HK.01876,15:06:30,21.25,2000,SELL
HK.01876,15:06:32,21.3,600,BUY
HK.09959,15:06:37,6.94,500,BUY
HK.09959,15:06:44,6.92,1500,SELL
HK.00179,15:06:49,16.54,1000,BUY
HK.00179,15:06:49,16.54,2000,BUY
HK.00179,15:06:49,16.54,1000,BUY
HK.00179,15:06:49,16.5,6000,SELL
HK.00179,15:06:50,16.54,500,BUY
HK.09959,15:06:51,6.94,500,BUY
HK.00179,15:06:51,16.54,500,BUY
HK.09959,15:06:51,6.91,4500,SELL
HK.09959,15:06:51,6.92,16000,NEUTRAL
HK.09959,15:06:51,6.92,7000,NEUTRAL
HK.01876,15:06:52,21.25,1000,SELL
HK.00179,15:06:54,16.54,500,BUY
HK.00179,15:06:55,16.52,500,NEUTRAL
HK.09959,15:06:55,6.94,3000,BUY
HK.01876,15:06:59,21.25,2100,SELL
HK.01876,15:06:59,21.3,900,BUY
HK.01958,15:07:05,3.93,65000,BUY
HK.01958,15:07:06,3.93,500,BUY
HK.01958,15:07:08,3.92,60500,SELL
HK.01958,15:07:11,3.92,500,BUY
HK.01876,15:07:16,21.3,600,BUY
HK.00763,15:07:19,21.3,1000,SELL
HK.00763,15:07:19,21.3,200,SELL
HK.01876,15:07:19,21.3,900,BUY
HK.00179,15:07:19,16.54,500,BUY
HK.00179,15:07:19,16.52,1500,NEUTRAL
HK.00451,15:07:19,0.255,20000,BUY
HK.00763,15:07:19,21.3,23600,SELL
HK.00763,15:07:19,21.3,6400,NEUTRAL
HK.00179,15:07:20,16.54,500,BUY
HK.00179,15:07:20,16.54,1000,BUY
HK.00179,15:07:21,16.56,500,BUY
HK.00777,15:07:22,20.2,500,BUY
HK.00777,15:07:22,20.2,500,BUY
HK.00777,15:07:28,20.2,1500,BUY
HK.00777,15:07:28,20.2,500,BUY
HK.00777,15:07:30,20.2,500,BUY
HK.09959,15:07:33,6.94,5000,BUY
HK.01876,15:07:34,21.3,100,BUY
HK.09959,15:07:43,6.94,3000,BUY
HK.09959,15:07:44,6.92,2000,SELL
HK.01876,15:07:46,21.3,100,BUY
HK.00763,15:07:52,21.35,200,BUY
HK.09959,15:07:52,6.92,15500,SELL
HK.00777,15:07:53,20.2,500,BUY
HK.09959,15:07:54,6.92,1500,SELL
HK.00777,15:07:54,20.2,500,BUY
HK.09959,15:07:54,6.92,33000,SELL
HK.09959,15:07:54,6.92,17500,SELL
HK.09959,15:07:56,6.9,3000,SELL
HK.09959,15:07:57,6.9,2000,SELL
HK.00763,15:07:58,21.3,600,SELL
HK.01876,15:08:00,21.3,700,BUY
HK.00777,15:08:04,20.2,500,BUY
HK.00763,15:08:04,21.325,200,NEUTRAL
HK.00451,15:08:10,0.255,18000,BUY
HK.09959,15:08:11,6.92,2500,NEUTRAL
HK.01876,15:08:12,21.25,900,SELL
HK.09959,15:08:13,6.89,500,SELL
HK.09959,15:08:13,6.9,2000,SELL
HK.09959,15:08:13,6.9,2000,NEUTRAL
HK.01876,15:08:24,21.3,900,BUY
HK.08083,15:08:27,0.67,16000,BUY
HK.00451,15:08:33,0.255,6000,BUY
HK.00763,15:08:39,21.3,600,SELL
HK.01876,15:08:44,21.3,800,BUY
HK.00777,15:08:49,20.2,500,BUY
HK.00777,15:08:49,20.2,500,BUY
HK.01876,15:08:52,21.3,600,BUY
HK.00777,15:08:53,20.2,2000,BUY
HK.00763,15:08:55,21.3,1400,SELL
HK.00763,15:08:56,21.3,200,SELL
HK.00451,15:08:56,0.255,140000,BUY
HK.08083,15:08:58,0.67,4000,BUY
HK.00777,15:08:59,20.2,500,BUY
HK.01876,15:09:00,21.25,2000,SELL
HK.00777,15:09:02,20.2,1000,BUY
HK.01876,15:09:02,21.25,1200,SELL
HK.00777,15:09:06,20.2,500,BUY
HK.00763,15:09:13,21.3,800,SELL
HK.01876,15:09:14,21.3,200,BUY
HK.01958,15:09:24,3.92,12500,NEUTRAL
HK.01958,15:09:24,3.92,45000,BUY
HK.00179,15:09:25,16.56,1000,BUY
HK.01958,15:09:25,3.93,2000,NEUTRAL
HK.00777,15:09:27,20.2,500,BUY
HK.00179,15:09:28,16.56,500,BUY
HK.01876,15:09:29,21.278,200,NEUTRAL
HK.01876,15:09:32,21.25,900,SELL
HK.00451,15:09:32,0.255,336000,NEUTRAL
HK.00451,15:09:32,0.255,4000,BUY
HK.01876,15:09:32,21.3,1000,BUY
HK.01876,15:09:39,21.3,600,BUY
HK.09959,15:09:43,6.9,4000,BUY
HK.00777,15:09:44,20.2,500,BUY
HK.08083,15:09:47,0.66,4000,SELL
HK.00451,15:09:48,0.255,4000,BUY
HK.08083,15:09:48,0.67,4000,BUY
HK.00763,15:09:52,21.3,1000,SELL
HK.00777,15:09:53,20.2,500,BUY
HK.00777,15:09:53,20.2,500,BUY
HK.00777,15:09:53,20.2,1000,NEUTRAL
HK.00777,15:09:53,20.2,1000,NEUTRAL
HK.01876,15:09:59,21.25,2100,SELL
HK.00451,15:10:00,0.255,2000,BUY
HK.01876,15:10:01,21.25,8000,SELL
HK.01876,15:10:01,21.25,200,SELL
HK.01876,15:10:01,21.25,2000,SELL
HK.08083,15:10:02,0.66,4000,SELL
HK.08083,15:10:02,0.66,4000,SELL
HK.00763,15:10:04,21.325,200,NEUTRAL
HK.00777,15:10:08,20.2,500,NEUTRAL
HK.00777,15:10:08,20.2,1000,BUY
HK.00179,15:10:16,16.56,500,BUY
HK.00451,15:10:18,0.255,18000,BUY
HK.00777,15:10:19,20.2,500,NEUTRAL
HK.00777,15:10:19,20.2,500,BUY
HK.00777,15:10:19,20.2,2000,BUY
HK.00777,15:10:20,20.2,6500,NEUTRAL
HK.08083,15:10:22,0.66,4000,SELL
HK.00451,15:10:23,0.255,2000,BUY
HK.01876,15:10:25,21.3,1000,BUY
HK.01876,15:10:26,21.3,800,BUY
HK.00451,15:10:30,0.255,156000,BUY
HK.01958,15:10:31,3.93,500,BUY
HK.00338,15:10:34,1.78,18000,SELL
HK.09959,15:10:44,6.9,3500,BUY
HK.01958,15:10:45,3.93,77000,BUY
HK.01876,15:10:48,21.25,900,SELL
HK.09959,15:10:56,6.9,13000,BUY
HK.00763,15:10:56,21.3,1000,SELL
HK.00451,15:10:59,0.255,120000,BUY
HK.01876,15:11:00,21.25,10000,SELL
HK.08083,15:11:04,0.67,16000,BUY
HK.08083,15:11:05,0.67,4000,BUY
HK.01876,15:11:06,21.25,2900,SELL
HK.00777,15:11:23,20.25,500,BUY
HK.00451,15:11:28,0.255,144000,BUY
HK.00777,15:11:39,20.25,500,BUY
HK.01876,15:11:40,21.253,100,NEUTRAL
HK.09959,15:11:41,6.91,3000,BUY
HK.01876,15:11:46,21.25,800,SELL
HK.01876,15:11:46,21.25,67200,SELL
HK.01876,15:11:46,21.25,800,BUY
HK.01876,15:11:46,21.25,900,BUY
HK.00763,15:11:47,21.3,600,SELL
HK.00777,15:11:54,20.25,500,BUY
HK.00451,15:11:56,0.255,104000,BUY
HK.09959,15:11:57,6.91,500,BUY
HK.01876,15:12:04,21.2,900,SELL
HK.00763,15:12:04,21.325,200,NEUTRAL
HK.00451,15:12:04,0.25,900000,SELL
HK.00763,15:12:08,21.3,200,SELL
HK.00338,15:12:09,1.78,100000,SELL
HK.00338,15:12:09,1.78,52000,SELL
HK.00763,15:12:09,21.35,4200,BUY
HK.00179,15:12:09,16.56,1000,BUY
HK.00338,15:12:11,1.78,4000,BUY
HK.00451,15:12:28,0.255,18000,BUY
HK.09959,15:12:33,6.91,1000,BUY
HK.09959,15:12:34,6.91,500,BUY
HK.01958,15:12:39,3.93,1000,BUY
HK.00338,15:12:47,1.78,6000,BUY
HK.00451,15:12:47,0.25,8000,SELL
HK.00451,15:12:47,0.25,6000,SELL
HK.09959,15:12:50,6.92,500,BUY
HK.09959,15:12:51,6.91,1000,NEUTRAL
HK.01958,15:12:52,3.93,134500,BUY
HK.09959,15:12:53,6.92,3000,BUY
HK.00763,15:12:58,21.3,1600,SELL
HK.01958,15:13:00,3.93,500,NEUTRAL
HK.01876,15:13:00,21.2,2100,SELL
HK.00451,15:13:02,0.25,800000,SELL
HK.09959,15:13:03,6.93,500,BUY
HK.00777,15:13:23,20.25,500,BUY
HK.09959,15:13:24,6.93,500,BUY
HK.01876,15:13:28,21.2,1000,SELL
HK.09959,15:13:35,6.93,500,BUY
HK.09959,15:13:36,6.93,4000,BUY
HK.08083,15:13:40,0.66,48000,SELL
HK.08083,15:13:41,0.67,8000,BUY
HK.00451,15:13:45,0.25,950000,SELL
HK.00763,15:13:48,21.35,3800,BUY
HK.00763,15:13:48,21.3,200,SELL
HK.09959,15:13:50,6.93,500,BUY
HK.00777,15:13:54,20.25,500,BUY
HK.00777,15:13:55,20.25,500,BUY
HK.00777,15:13:58,20.25,500,BUY
HK.08083,15:13:59,0.67,4000,BUY
HK.00338,15:14:02,1.78,2000,BUY
HK.00763,15:14:04,21.325,200,NEUTRAL
HK.00763,15:14:05,21.3,200,SELL
HK.09959,15:14:05,6.93,500,BUY
HK.09959,15:14:09,6.94,500,BUY
HK.00777,15:14:22,20.25,500,BUY
HK.09959,15:14:25,6.95,500,BUY
HK.00777,15:14:29,20.25,500,BUY
HK.09959,15:14:32,6.95,3500,BUY
HK.09959,15:14:34,6.95,500,BUY
HK.01876,15:14:34,21.25,200,BUY
HK.01876,15:14:38,21.2,800,SELL
HK.01876,15:14:41,21.2,700,SELL
HK.09959,15:14:51,6.95,500,BUY
HK.01876,15:14:53,21.2,1000,SELL
HK.08083,15:14:56,0.67,28000,BUY
HK.08083,15:14:57,0.67,4000,BUY
HK.01876,15:15:00,21.2,2100,SELL
HK.09959,15:15:05,6.95,500,BUY
HK.00179,15:15:11,16.56,1500,BUY
HK.01876,15:15:12,21.2,500,SELL
HK.01876,15:15:13,21.2,700,SELL
HK.00179,15:15:14,16.56,500,BUY
HK.00763,15:15:16,21.35,400,BUY
HK.09959,15:15:17,6.95,500,BUY
HK.00763,15:15:18,21.35,3600,BUY
HK.00763,15:15:18,21.35,2400,BUY
HK.09959,15:15:20,6.91,1000,SELL
HK.00338,15:15:20,1.78,4000,BUY
HK.09959,15:15:20,6.91,1500,SELL
HK.00338,15:15:20,1.78,4000,BUY
HK.09959,15:15:20,6.94,8500,SELL
HK.09959,15:15:20,6.94,1000,SELL
HK.09959,15:15:20,6.94,38500,SELL
HK.00777,15:15:24,20.25,500,BUY
HK.00777,15:15:28,20.225,500,NEUTRAL
HK.00777,15:15:29,20.225,2000,NEUTRAL
HK.01876,15:15:31,21.2,900,SELL
HK.01876,15:15:36,21.25,100,BUY
HK.08083,15:15:37,0.66,4000,SELL
HK.08083,15:15:38,0.67,4000,BUY
HK.01958,15:15:47,3.93,10000,BUY
HK.01958,15:15:50,3.93,500,BUY
HK.00777,15:15:52,20.25,500,BUY
HK.08083,15:15:54,0.67,200000,BUY
HK.08083,15:15:55,0.67,32000,BUY
HK.00763,15:16:03,21.35,200,BUY
HK.00763,15:16:04,21.325,200,NEUTRAL
HK.00763,15:16:06,21.3,19800,SELL
HK.00763,15:16:06,21.3,7600,SELL
HK.00763,15:16:06,21.3,200,NEUTRAL
HK.01958,15:16:09,3.92,72000,SELL
HK.08083,15:16:09,0.67,4000,BUY
HK.08083,15:16:10,0.67,4000,BUY
HK.01876,15:16:13,21.2,700,SELL
HK.01876,15:16:19,21.2,1000,SELL
HK.00763,15:16:22,21.25,200,SELL
HK.01876,15:16:24,21.202,100,NEUTRAL
HK.00777,15:16:29,20.25,500,BUY
HK.00777,15:16:32,20.225,500,NEUTRAL
HK.00777,15:16:32,20.225,500,NEUTRAL
HK.09959,15:16:33,6.94,4000,BUY
HK.08083,15:16:35,0.66,4000,SELL
HK.01876,15:16:41,21.25,100,BUY
HK.01876,15:16:44,21.2,800,SELL
HK.01317,15:16:55,0.69,2000,BUY
HK.00763,15:16:57,21.25,2600,SELL
HK.01876,15:16:58,21.2,2100,SELL
HK.08083,15:17:04,0.67,8000,NEUTRAL
HK.00179,15:17:11,16.56,500,BUY
HK.00179,15:17:11,16.56,1000,BUY
HK.00179,15:17:12,16.56,500,BUY
HK.01958,15:17:13,3.92,34000,BUY
HK.01876,15:17:13,21.2,800,SELL
HK.00763,15:17:16,21.25,1000,SELL
HK.00179,15:17:17,16.56,500,BUY
HK.00777,15:17:18,20.25,500,BUY
HK.00179,15:17:21,16.56,1000,BUY
HK.01958,15:17:22,3.92,5500,SELL
HK.00777,15:17:24,20.25,500,BUY
HK.00777,15:17:24,20.25,1000,BUY
HK.00777,15:17:25,20.25,500,BUY
HK.00777,15:17:25,20.25,500,BUY
HK.00179,15:17:25,16.56,500,BUY
HK.00451,15:17:28,0.255,2000,BUY
HK.00777,15:17:33,20.25,500,BUY
HK.01876,15:17:35,21.2,10000,SELL
HK.01876,15:17:36,21.2,800,NEUTRAL
HK.09959,15:17:37,6.93,4000,BUY
HK.08083,15:17:37,0.66,4000,SELL
HK.00777,15:17:38,20.25,500,BUY
HK.00777,15:17:39,20.25,500,BUY
HK.01317,15:17:39,0.69,2000,BUY
HK.00777,15:17:43,20.25,1000,BUY
HK.01876,15:17:44,21.2,900,SELL
HK.01958,15:17:49,3.92,25500,BUY
HK.00777,15:17:53,20.25,1000,BUY
HK.01876,15:17:58,21.2,200,SELL
HK.00338,15:18:01,1.78,20000,BUY
HK.00338,15:18:02,1.78,4000,BUY
HK.01958,15:18:04,3.93,500,BUY
HK.00763,15:18:04,21.275,200,NEUTRAL
HK.01876,15:18:08,21.2,700,SELL
HK.00763,15:18:10,21.25,200,SELL
HK.00338,15:18:13,1.78,4000,BUY
HK.09959,15:18:14,6.92,1000,SELL
HK.00763,15:18:15,21.25,600,SELL
HK.01958,15:18:18,3.92,5000,SELL
HK.08083,15:18:24,0.67,16000,BUY
HK.08083,15:18:25,0.67,4000,BUY
HK.00179,15:18:31,16.56,500,BUY
HK.00179,15:18:31,16.54,10000,NEUTRAL
HK.01958,15:18:32,3.93,48000,BUY
HK.00179,15:18:32,16.56,2000,BUY
HK.00179,15:18:33,16.56,1000,BUY
HK.00179,15:18:33,16.56,500,BUY
HK.01876,15:18:40,21.2,700,SELL
HK.01876,15:18:44,21.25,800,BUY
HK.01876,15:18:44,21.25,800,BUY
HK.09959,15:18:46,6.93,4500,BUY
HK.00763,15:18:46,21.25,1200,SELL
HK.00777,15:18:53,20.225,1000,NEUTRAL
HK.00179,15:18:55,16.56,500,BUY
HK.01876,15:18:56,21.25,100,BUY
HK.08083,15:19:03,0.67,4000,BUY
HK.01876,15:19:04,21.2,1000,SELL
HK.00763,15:19:04,21.275,200,NEUTRAL
HK.01876,15:19:05,21.2,900,SELL
HK.00451,15:19:10,0.255,112000,BUY
HK.01958,15:19:10,3.92,5500,SELL
HK.00179,15:19:12,16.56,500,BUY
HK.08083,15:19:13,0.67,24000,BUY
HK.08083,15:19:14,0.67,4000,BUY
HK.00338,15:19:18,1.78,8000,BUY
HK.00338,15:19:20,1.78,4000,BUY
HK.00338,15:19:21,1.78,2000,BUY
HK.00777,15:19:25,20.25,500,BUY
HK.01958,15:19:26,3.92,14500,BUY
HK.01958,15:19:26,3.92,6000,NEUTRAL
HK.00338,15:19:31,1.78,100000,BUY
HK.00338,15:19:32,1.78,26000,BUY
HK.00338,15:19:32,1.78,18000,BUY
HK.00338,15:19:37,1.78,4000,BUY
HK.00763,15:19:38,21.25,20000,SELL
HK.00763,15:19:38,21.275,2800,NEUTRAL
HK.09959,15:19:40,6.93,20500,BUY
HK.00451,15:19:44,0.255,150000,BUY
HK.01958,15:19:52,3.93,13500,BUY
HK.00777,15:19:54,20.25,500,BUY
HK.09959,15:19:55,6.94,4500,BUY
HK.00763,15:19:56,21.25,800,SELL
HK.00763,15:19:59,21.25,1000,SELL
HK.00338,15:20:00,1.78,28000,BUY
HK.01876,15:20:00,21.2,2000,SELL
HK.00338,15:20:02,1.78,4000,BUY
HK.00338,15:20:03,1.78,166000,BUY
HK.00338,15:20:03,1.78,8000,BUY
HK.00338,15:20:05,1.78,42000,BUY
HK.01876,15:20:06,21.2,700,SELL
HK.01958,15:20:06,3.94,93000,BUY
HK.00338,15:20:07,1.78,6000,BUY
HK.00451,15:20:08,0.255,6000,BUY
HK.00179,15:20:09,16.56,15000,BUY
HK.00179,15:20:09,16.56,1000,BUY
HK.09959,15:20:09,6.94,500,BUY
HK.00179,15:20:09,16.56,1500,BUY
HK.09959,15:20:10,6.93,2500,BUY
HK.09959,15:20:10,6.94,2500,BUY
HK.00179,15:20:12,16.54,7000,NEUTRAL
HK.00179,15:20:12,16.54,1500,NEUTRAL
HK.00179,15:20:12,16.56,1000,BUY
HK.00179,15:20:12,16.56,500,BUY
HK.00179,15:20:12,16.54,1000,NEUTRAL
HK.09959,15:20:14,6.92,500,SELL
HK.00451,15:20:14,0.255,100000,BUY
HK.00338,15:20:16,1.78,2000,BUY
HK.00451,15:20:18,0.255,20000,BUY
HK.00451,15:20:20,0.255,140000,BUY
HK.00338,15:20:22,1.78,4000,BUY
HK.00451,15:20:25,0.255,128000,BUY
HK.09959,15:20:25,6.93,500,SELL
HK.00451,15:20:25,0.25,68000,SELL
HK.01876,15:20:27,21.2,800,NEUTRAL
HK.01876,15:20:27,21.2,900,SELL
HK.08083,15:20:28,0.67,16000,BUY
HK.01876,15:20:28,21.25,200,BUY
HK.08083,15:20:29,0.67,4000,BUY
HK.09959,15:20:29,6.93,500,SELL
HK.01876,15:20:35,21.2,1000,SELL
HK.01876,15:20:36,21.21,100,NEUTRAL
HK.00777,15:20:37,20.25,500,BUY
HK.01317,15:20:39,0.69,4000,BUY
HK.01317,15:20:39,0.69,12000,BUY
HK.00763,15:20:39,21.25,800,SELL
HK.01317,15:20:42,0.69,2000,BUY
HK.00451,15:20:43,0.255,100000,BUY
HK.09959,15:21:00,6.935,500,NEUTRAL
HK.01876,15:21:00,21.2,2000,SELL
HK.09959,15:21:02,6.94,4000,BUY
HK.00763,15:21:04,21.275,200,NEUTRAL
HK.00179,15:21:05,16.6,500,BUY
HK.00451,15:21:10,0.255,120000,BUY
HK.08083,15:21:11,0.67,4000,BUY
HK.08083,15:21:11,0.67,40000,BUY
HK.08083,15:21:12,0.67,8000,BUY
HK.09959,15:21:16,6.94,1000,BUY
HK.09959,15:21:16,6.93,500,SELL
HK.09959,15:21:18,6.94,6500,BUY
HK.09959,15:21:18,6.94,1000,BUY
HK.09959,15:21:18,6.93,500,SELL
HK.09959,15:21:24,6.935,500,NEUTRAL
HK.00777,15:21:25,20.25,500,BUY
HK.00338,15:21:25,1.77,40000,SELL
HK.00338,15:21:27,1.78,12000,BUY
HK.00763,15:21:31,21.25,600,SELL
HK.01876,15:21:32,21.2,800,SELL
HK.00179,15:21:36,16.6,1000,BUY
HK.00179,15:21:36,16.6,500,BUY
HK.09959,15:21:37,6.94,1000,BUY
HK.00451,15:21:44,0.255,192000,BUY
HK.01876,15:21:44,21.25,200,SELL
HK.00338,15:21:44,1.78,2000,BUY
HK.01876,15:21:44,21.25,800,SELL
HK.01876,15:21:44,21.25,800,BUY
HK.01876,15:21:44,21.25,800,BUY
HK.01876,15:21:44,21.25,150400,BUY
HK.01876,15:21:44,21.25,100,SELL
HK.09959,15:21:45,6.93,1000,SELL
HK.01958,15:21:49,3.94,50000,BUY
HK.01876,15:21:53,21.3,500,BUY
HK.00777,15:21:54,20.25,500,BUY
HK.01958,15:21:59,3.94,1000,BUY
HK.00763,15:22:00,21.25,600,SELL
HK.01317,15:22:00,0.69,24000,BUY
HK.01876,15:22:01,21.25,1000,SELL
HK.09959,15:22:02,6.94,1000,BUY
HK.09959,15:22:03,6.94,500,BUY
HK.09959,15:22:04,6.94,4000,BUY
HK.09959,15:22:04,6.94,500,NEUTRAL
HK.09959,15:22:04,6.94,1000,BUY
HK.09959,15:22:04,6.94,3000,BUY
HK.00451,15:22:10,0.255,132000,BUY
HK.00777,15:22:10,20.25,500,BUY
HK.00777,15:22:13,20.225,500,NEUTRAL
HK.00777,15:22:13,20.225,500,NEUTRAL
HK.01317,15:22:18,0.69,2000,BUY
HK.01958,15:22:19,3.94,26500,BUY
HK.09959,15:22:22,6.94,1000,BUY
HK.01876,15:22:24,21.3,100,BUY
HK.01876,15:22:26,21.3,200,BUY
HK.00763,15:22:29,21.25,1000,SELL
HK.01958,15:22:30,3.94,500,NEUTRAL
HK.00451,15:22:33,0.25,880000,SELL
HK.00451,15:22:33,0.255,18000,BUY
HK.00338,15:22:34,1.78,8000,BUY
HK.00338,15:22:34,1.78,28000,BUY
HK.01876,15:22:38,21.3,200,BUY
HK.00338,15:22:40,1.78,2000,BUY
HK.09959,15:22:53,6.93,500,SELL
HK.09959,15:22:54,6.935,1000,NEUTRAL
HK.01958,15:22:55,3.95,163000,BUY
HK.08083,15:23:02,0.67,8000,BUY
HK.01317,15:23:03,0.69,4000,BUY
HK.00451,15:23:04,0.25,100000,SELL
HK.00763,15:23:04,21.275,200,NEUTRAL
HK.00179,15:23:04,16.62,500,BUY
HK.00763,15:23:13,21.3,200,BUY
HK.00763,15:23:16,21.3,3600,BUY
HK.09959,15:23:16,6.94,4500,BUY
HK.00338,15:23:20,1.78,2000,BUY
HK.08083,15:23:21,0.67,16000,BUY
HK.08083,15:23:22,0.67,4000,BUY
HK.09959,15:23:24,6.935,1000,NEUTRAL
HK.00777,15:23:25,20.25,500,BUY
HK.09959,15:23:25,6.93,500,SELL
HK.09959,15:23:25,6.93,500,SELL
HK.00338,15:23:33,1.78,4000,BUY
HK.00338,15:23:35,1.77,6000,NEUTRAL
HK.01876,15:23:37,21.3,100,BUY
HK.00338,15:23:38,1.78,4000,BUY
HK.00179,15:23:40,16.64,1000,BUY
HK.00777,15:23:43,20.25,500,BUY
HK.00451,15:23:50,0.25,950000,SELL
HK.09959,15:23:51,6.94,500,BUY
HK.00777,15:23:54,20.25,1000,BUY
HK.09959,15:23:54,6.935,1000,NEUTRAL
HK.08083,15:23:57,0.67,4000,BUY
HK.09959,15:24:00,6.935,500,NEUTRAL
HK.00338,15:24:01,1.78,2000,BUY
HK.09959,15:24:01,6.93,500,SELL
HK.00451,15:24:02,0.25,4000,SELL
HK.00451,15:24:02,0.25,6000,SELL
HK.00777,15:24:03,20.25,500,NEUTRAL
HK.00777,15:24:03,20.2,500,NEUTRAL
HK.00777,15:24:03,20.2,500,SELL
HK.00763,15:24:03,21.3,16,NEUTRAL
HK.09959,15:24:14,6.94,1000,BUY
HK.09959,15:24:17,6.94,4000,BUY
HK.09959,15:24:17,6.93,1000,SELL
HK.01876,15:24:19,21.25,200,SELL
HK.09959,15:24:22,6.93,500,SELL
HK.00777,15:24:24,20.225,1000,NEUTRAL
HK.01958,15:24:24,3.94,500,NEUTRAL
HK.09959,15:24:26,6.94,1500,BUY
HK.00338,15:24:26,1.78,10000,BUY
HK.09959,15:24:26,6.94,1000,BUY
HK.00338,15:24:29,1.78,2000,BUY
HK.00179,15:24:30,16.66,3000,BUY
HK.00763,15:24:33,21.3,1000,BUY
HK.00763,15:24:35,21.3,2400,BUY
HK.00763,15:24:35,21.3,4400,BUY
HK.00763,15:24:36,21.275,2200,NEUTRAL
HK.00179,15:24:36,16.68,500,BUY
HK.01876,15:24:41,21.25,3900,SELL
HK.01876,15:24:42,21.3,600,BUY
HK.09959,15:24:43,6.94,500,BUY
HK.00338,15:24:48,1.78,2000,BUY
HK.00338,15:24:51,1.78,4000,BUY
HK.09959,15:24:54,6.93,500,SELL
HK.00777,15:24:54,20.25,500,NEUTRAL
HK.09959,15:24:54,6.93,500,SELL
HK.00451,15:24:54,0.255,8000,BUY
HK.09959,15:24:54,6.93,500,NEUTRAL
HK.09959,15:24:54,6.93,500,NEUTRAL
HK.01876,15:24:59,21.3,800,BUY
HK.01876,15:24:59,21.25,2000,SELL
HK.09959,15:25:01,6.94,1000,BUY
HK.00338,15:25:03,1.78,10000,BUY
HK.00763,15:25:04,21.275,200,NEUTRAL
HK.09959,15:25:09,6.93,500,SELL
HK.00179,15:25:09,16.68,1500,BUY
HK.00338,15:25:09,1.79,2000,BUY
HK.00179,15:25:10,16.7,500,BUY
HK.00763,15:25:10,21.3,200,BUY
HK.01958,15:25:10,3.94,3000,BUY
HK.09959,15:25:14,6.94,1000,BUY
HK.00179,15:25:15,16.7,500,BUY
HK.01876,15:25:19,21.3,100,BUY
HK.09959,15:25:20,6.93,2000,SELL
HK.09959,15:25:20,6.94,2500,BUY
HK.09959,15:25:20,6.94,3500,BUY
HK.00451,15:25:24,0.252,34000,NEUTRAL
HK.00451,15:25:24,0.25,2000,NEUTRAL
HK.00451,15:25:24,0.252,24000,NEUTRAL
HK.09959,15:25:30,6.94,500,BUY
HK.00179,15:25:34,16.7,3500,BUY
HK.00179,15:25:35,16.72,500,BUY
HK.01958,15:25:35,3.93,10000,SELL
HK.00179,15:25:35,16.72,1000,BUY
HK.00179,15:25:36,16.72,500,BUY
HK.01958,15:25:37,3.93,20000,SELL
HK.01876,15:25:38,21.3,200,BUY
HK.08083,15:25:41,0.67,16000,BUY
HK.08083,15:25:42,0.67,4000,BUY
HK.00179,15:25:49,16.72,500,BUY
HK.01958,15:25:53,3.94,2000,BUY
HK.00777,15:25:54,20.25,500,BUY
HK.09959,15:25:54,6.93,500,NEUTRAL
HK.09959,15:25:54,6.93,500,NEUTRAL
HK.09959,15:25:54,6.93,500,NEUTRAL
HK.09959,15:26:06,6.94,1000,BUY
HK.00763,15:26:11,21.3,200,BUY
HK.00763,15:26:11,21.3,7800,BUY
HK.00763,15:26:15,21.3,4400,BUY
HK.09959,15:26:17,6.94,500,BUY
HK.00763,15:26:19,21.275,4600,NEUTRAL
HK.00777,15:26:20,20.25,1000,BUY
HK.09959,15:26:23,6.94,2500,BUY
HK.09959,15:26:23,6.93,500,SELL
HK.09959,15:26:23,6.93,1500,SELL
HK.09959,15:26:25,6.94,1000,BUY
HK.01876,15:26:29,21.3,900,BUY
HK.09959,15:26:32,6.94,500,SELL
HK.09959,15:26:40,6.94,3500,SELL
HK.09959,15:26:40,6.93,1000,SELL
HK.09959,15:26:40,6.95,3500,BUY
HK.09959,15:26:40,6.95,1000,BUY
HK.01958,15:26:40,3.93,24000,BUY
HK.01958,15:26:40,3.93,1000,BUY
HK.09959,15:26:41,6.94,7500,NEUTRAL
HK.01876,15:26:41,21.3,200,BUY
HK.01876,15:26:42,21.268,11100,NEUTRAL
HK.09959,15:26:43,6.94,18000,SELL
HK.01876,15:26:44,21.275,700,NEUTRAL
HK.09959,15:26:44,6.95,500,NEUTRAL
HK.09959,15:26:44,6.95,5000,BUY
HK.09959,15:26:44,6.95,500,BUY
HK.09959,15:26:49,6.93,17500,SELL
HK.09959,15:26:49,6.93,500,SELL
HK.09959,15:26:49,6.93,32500,SELL
HK.00179,15:26:50,16.68,3500,NEUTRAL
HK.00179,15:26:50,16.68,2000,SELL
HK.00179,15:26:50,16.68,4500,SELL
HK.00179,15:26:50,16.72,500,BUY
HK.09959,15:26:50,6.92,1500,SELL
HK.00179,15:26:50,16.7,1000,NEUTRAL
HK.09959,15:26:50,6.91,500,SELL
HK.09959,15:26:50,6.92,2500,SELL
HK.09959,15:26:51,6.85,500,NEUTRAL
HK.09959,15:26:51,6.85,500,NEUTRAL
HK.09959,15:26:51,6.85,3500,NEUTRAL
HK.00763,15:26:51,21.25,1600,SELL
HK.09959,15:26:51,6.88,500,NEUTRAL
HK.09959,15:26:51,6.88,3500,NEUTRAL
HK.00763,15:26:52,21.275,3000,NEUTRAL
HK.09959,15:26:54,6.94,500,NEUTRAL
HK.01876,15:26:55,21.3,500,BUY
HK.09959,15:26:58,6.84,1000,SELL
HK.09959,15:26:58,6.84,500,SELL
HK.01876,15:27:00,21.25,2100,SELL
HK.09959,15:27:03,6.85,2000,BUY
HK.09959,15:27:03,6.85,1500,NEUTRAL
HK.09959,15:27:03,6.85,8500,BUY
HK.00763,15:27:04,21.275,200,NEUTRAL
HK.00777,15:27:05,20.25,500,BUY
HK.01317,15:27:05,0.69,30000,BUY
HK.00451,15:27:06,0.255,18000,BUY
HK.01317,15:27:06,0.69,8000,BUY
HK.01317,15:27:06,0.69,2000,BUY
HK.01876,15:27:07,21.25,1000,SELL
HK.01317,15:27:07,0.69,2000,BUY
HK.01958,15:27:17,3.95,169500,BUY
HK.00777,15:27:23,20.25,500,NEUTRAL
HK.00777,15:27:23,20.25,500,BUY
HK.00777,15:27:26,20.25,500,BUY
HK.00777,15:27:29,20.25,500,BUY
HK.00777,15:27:29,20.25,1500,BUY
HK.01876,15:27:30,21.25,1000,SELL
HK.01876,15:27:30,21.25,53300,SELL
HK.00777,15:27:30,20.25,500,BUY
HK.00777,15:27:30,20.25,1500,BUY
HK.00777,15:27:31,20.25,500,BUY
HK.00777,15:27:33,20.25,500,BUY
HK.00777,15:27:35,20.25,1500,BUY
HK.00777,15:27:35,20.25,500,BUY
HK.00777,15:27:35,20.25,2000,BUY
HK.00777,15:27:35,20.25,1500,BUY
HK.00777,15:27:35,20.25,500,BUY
HK.00777,15:27:36,20.25,500,BUY
HK.00777,15:27:37,20.25,500,BUY
HK.00777,15:27:40,20.25,1000,BUY
HK.00777,15:27:41,20.25,500,BUY
HK.00763,15:27:42,21.3,200,BUY
HK.00451,15:27:46,0.255,2000,BUY
HK.00777,15:27:47,20.2,500,SELL
HK.00777,15:27:50,20.3,500,BUY
HK.00777,15:27:50,20.225,500,NEUTRAL
HK.00777,15:27:50,20.25,1500,BUY
HK.00777,15:27:50,20.25,500,BUY
HK.00777,15:27:50,20.25,500,BUY
HK.00777,15:27:50,20.25,500,BUY
HK.00777,15:27:50,20.25,500,BUY
HK.00338,15:27:52,1.78,2000,BUY
HK.00338,15:27:54,1.78,2000,BUY
HK.00763,15:27:56,21.3,4400,BUY
HK.00763,15:27:56,21.25,200,SELL
HK.00451,15:27:58,0.255,84000,BUY
HK.00451,15:27:59,0.25,980000,SELL
HK.01876,15:28:00,21.2,2200,SELL
HK.01317,15:28:01,0.69,6000,BUY
HK.00763,15:28:04,21.3,2400,BUY
HK.00763,15:28:04,21.3,2600,BUY
HK.00763,15:28:04,21.3,800,BUY
HK.00763,15:28:04,21.4,4600,BUY
HK.00763,15:28:04,21.3,200,NEUTRAL
HK.00763,15:28:04,21.3,2600,BUY
HK.00763,15:28:04,21.3,1400,BUY
HK.00763,15:28:04,21.3,6000,BUY
HK.00763,15:28:04,21.3,1400,SELL
HK.00763,15:28:05,21.4,2400,BUY
HK.00763,15:28:06,21.4,2600,BUY
HK.00763,15:28:06,21.4,2600,BUY
HK.00777,15:28:07,20.3,1000,BUY
HK.00777,15:28:07,20.25,7000,SELL
HK.00763,15:28:11,21.4,1200,BUY
HK.00763,15:28:11,21.4,2000,BUY
HK.00763,15:28:11,21.4,800,BUY
HK.00763,15:28:11,21.4,2400,BUY
HK.00763,15:28:11,21.4,200,BUY
HK.00763,15:28:11,21.4,200,BUY
HK.00763,15:28:11,21.4,4200,BUY
HK.00763,15:28:11,21.4,11200,BUY
HK.00763,15:28:11,21.4,2600,BUY
HK.00763,15:28:11,21.4,400,BUY
HK.00763,15:28:12,21.4,2400,BUY
HK.00763,15:28:12,21.4,2400,BUY
HK.01958,15:28:12,3.95,55000,BUY
HK.09959,15:28:16,6.88,6500,BUY
HK.09959,15:28:17,6.88,1000,BUY
HK.09959,15:28:17,6.88,3500,BUY
HK.00763,15:28:20,21.35,4200,SELL
HK.00763,15:28:20,21.4,2600,BUY
HK.08083,15:28:22,0.67,16000,BUY
HK.08083,15:28:23,0.67,4000,BUY
HK.00451,15:28:27,0.255,168000,BUY
HK.08083,15:28:29,0.67,12000,BUY
HK.08083,15:28:32,0.67,8000,BUY
HK.01876,15:28:34,21.2,1000,SELL
HK.01317,15:28:35,0.69,2000,BUY
HK.01958,15:28:39,3.95,27500,BUY
HK.01317,15:28:51,0.69,2000,BUY
HK.08083,15:28:53,0.67,32000,BUY
HK.08083,15:28:54,0.67,8000,BUY
HK.00451,15:28:56,0.255,160000,BUY
HK.08083,15:28:59,0.67,8000,BUY
HK.00451,15:29:03,0.255,60000,BUY
HK.00763,15:29:04,21.35,200,NEUTRAL
HK.00179,15:29:09,16.72,1000,BUY
HK.08083,15:29:14,0.66,120000,SELL
HK.08083,15:29:15,0.67,20000,BUY
HK.00451,15:29:16,0.255,6000,BUY
HK.00763,15:29:22,21.4,200,BUY
HK.00338,15:29:22,1.78,8000,BUY
HK.00338,15:29:22,1.78,2000,BUY
HK.00777,15:29:26,20.3,500,BUY
HK.09959,15:29:26,6.88,500,BUY
HK.09959,15:29:26,6.88,500,BUY
HK.00451,15:29:28,0.255,200000,BUY
HK.00777,15:29:29,20.3,500,BUY
HK.00777,15:29:29,20.3,2000,BUY
HK.01876,15:29:31,21.2,4800,SELL
HK.00763,15:29:37,21.3,200,SELL
HK.00451,15:29:54,0.255,14000,NEUTRAL
HK.00451,15:29:54,0.255,54000,NEUTRAL
HK.00451,15:29:54,0.255,16000,NEUTRAL
HK.00451,15:29:54,0.255,6000,NEUTRAL
HK.00451,15:29:54,0.255,6000,NEUTRAL
HK.00451,15:29:54,0.255,14000,NEUTRAL
HK.00451,15:29:54,0.255,6000,NEUTRAL
HK.00451,15:29:54,0.255,4000,NEUTRAL
HK.00451,15:29:54,0.253,12000,NEUTRAL
HK.01876,15:29:55,21.2,100,SELL
HK.00777,15:29:56,20.3,500,BUY
HK.09959,15:29:56,6.88,6500,BUY
HK.00777,15:29:57,20.3,500,BUY
HK.00451,15:29:58,0.255,156000,BUY
HK.00179,15:30:00,16.56,249,NEUTRAL
HK.01876,15:30:00,21.2,1000,SELL
HK.08083,15:30:02,0.66,4000,SELL
HK.08083,15:30:02,0.66,4000,SELL
HK.08083,15:30:03,0.67,4000,BUY
HK.08083,15:30:03,0.66,4000,SELL
HK.00763,15:30:04,21.35,200,NEUTRAL
HK.00777,15:30:06,20.3,500,BUY
HK.00179,15:30:15,16.72,500,BUY
HK.00179,15:30:15,16.72,500,BUY
HK.00451,15:30:16,0.255,32000,BUY
HK.00338,15:30:21,1.78,10000,BUY
HK.00451,15:30:22,0.255,10000,BUY
HK.00338,15:30:23,1.79,4000,BUY
HK.01876,15:30:24,21.2,1200,SELL
HK.00451,15:30:25,0.255,126000,BUY
HK.01876,15:30:26,21.25,200,BUY
HK.01876,15:30:27,21.2,200,SELL
HK.01876,15:30:27,21.2,200,SELL
HK.00777,15:30:29,20.3,1000,BUY
HK.00777,15:30:30,20.3,500,BUY
HK.08083,15:30:32,0.67,16000,BUY
HK.08083,15:30:33,0.67,4000,BUY
HK.00777,15:30:36,20.3,500,BUY
HK.00777,15:30:41,20.3,1000,BUY
HK.00777,15:30:43,20.3,500,BUY
HK.00777,15:30:44,20.3,1000,BUY
HK.00777,15:30:44,20.3,500,BUY
HK.00777,15:30:44,20.3,1500,BUY
HK.00777,15:30:44,20.3,500,BUY
HK.00777,15:30:45,20.3,1000,BUY
HK.08083,15:30:46,0.66,4000,SELL
HK.01958,15:30:54,3.95,182500,BUY
HK.01958,15:30:57,3.93,1500,SELL
HK.00777,15:30:57,20.3,500,BUY
HK.00777,15:30:59,20.3,1000,BUY
HK.00451,15:30:59,0.255,168000,BUY
HK.00451,15:31:00,0.255,40000,BUY
HK.01876,15:31:00,21.2,100,SELL
HK.00338,15:31:06,1.79,2000,BUY
HK.08083,15:31:08,0.67,4000,BUY
HK.00777,15:31:09,20.25,500,SELL
HK.00451,15:31:11,0.255,42000,BUY
HK.00777,15:31:11,20.275,500,NEUTRAL
HK.00777,15:31:12,20.275,500,NEUTRAL
HK.00777,15:31:25,20.3,1000,BUY
HK.01876,15:31:25,21.25,100,BUY
HK.01958,15:31:26,3.94,500,NEUTRAL
HK.01958,15:31:26,3.94,5500,SELL
HK.00451,15:31:26,0.255,54000,BUY
HK.01876,15:31:32,21.2,1000,SELL
HK.01876,15:31:32,21.2,100,SELL
HK.09959,15:31:37,6.88,6000,BUY
HK.01958,15:31:43,3.94,11500,SELL
HK.00777,15:31:44,20.3,1000,BUY
HK.00777,15:31:44,20.3,1000,BUY
HK.00777,15:31:44,20.3,1000,BUY
HK.00451,15:31:44,0.255,42000,BUY
HK.00777,15:31:44,20.3,1000,BUY
HK.09959,15:31:45,6.88,500,BUY
HK.00451,15:31:52,0.255,92000,BUY
HK.00179,15:31:55,16.72,1000,BUY
HK.00777,15:31:59,20.3,1000,BUY
HK.01876,15:32:01,21.2,200,SELL
HK.00763,15:32:04,21.35,200,NEUTRAL
HK.00763,15:32:05,21.35,200,BUY
HK.00763,15:32:05,21.4,4400,BUY
HK.00763,15:32:05,21.35,200,NEUTRAL
HK.00763,15:32:07,21.35,600,BUY
HK.00763,15:32:09,21.35,2400,BUY
HK.00763,15:32:09,21.35,800,BUY
HK.00763,15:32:09,21.4,2600,BUY
HK.00763,15:32:09,21.35,2000,BUY
HK.00338,15:32:14,1.78,22000,BUY
HK.00451,15:32:14,0.255,54000,BUY
HK.00338,15:32:16,1.78,6000,BUY
HK.00763,15:32:16,21.4,200,BUY
HK.08083,15:32:17,0.67,8000,BUY
HK.09959,15:32:19,6.88,20000,NEUTRAL
HK.09959,15:32:19,6.88,22000,BUY
HK.00451,15:32:20,0.255,120000,BUY
HK.00338,15:32:21,1.78,2000,BUY
HK.00338,15:32:21,1.78,14000,BUY
HK.01317,15:32:23,0.69,2000,BUY
HK.01958,15:32:24,3.93,3500,SELL
HK.00451,15:32:26,0.255,18000,BUY
HK.00777,15:32:29,20.3,1000,BUY
HK.01958,15:32:34,3.92,10000,SELL
HK.01876,15:32:39,21.2,500,SELL
HK.01876,15:32:39,21.25,600,NEUTRAL
HK.01876,15:32:39,21.25,200,NEUTRAL
HK.01876,15:32:39,21.25,100,BUY
HK.01876,15:32:39,21.25,98000,BUY
HK.01876,15:32:39,21.25,24700,BUY
HK.01876,15:32:39,21.25,23500,BUY
HK.01876,15:32:39,21.25,100,BUY
HK.01876,15:32:40,21.25,600,BUY
HK.01876,15:32:40,21.25,700,SELL
HK.01876,15:32:40,21.25,1400,BUY
HK.01876,15:32:41,21.2,700,SELL
HK.01876,15:32:41,21.2,100,SELL
HK.01876,15:32:41,21.2,7900,SELL
HK.01876,15:32:41,21.25,900,SELL
HK.01876,15:32:41,21.2,400,SELL
HK.01876,15:32:41,21.2,500,SELL
HK.01876,15:32:41,21.25,1100,BUY
HK.01876,15:32:42,21.3,14500,BUY
HK.00451,15:32:44,0.255,34000,BUY
HK.01876,15:32:44,21.3,6900,BUY
HK.00777,15:32:48,20.3,1000,NEUTRAL
HK.00777,15:32:48,20.3,500,BUY
HK.00777,15:32:49,20.3,500,BUY
HK.00777,15:32:49,20.3,500,BUY
HK.00777,15:32:53,20.3,500,BUY
HK.00451,15:32:54,0.255,160000,BUY
HK.08083,15:32:57,0.66,4000,SELL
HK.00451,15:32:57,0.255,6000,BUY
HK.01317,15:32:58,0.69,26000,BUY
HK.08083,15:32:58,0.67,4000,BUY
HK.00777,15:32:59,20.3,1000,BUY
HK.00777,15:33:07,20.3,500,BUY
HK.09959,15:33:09,6.9,1500,BUY
HK.09959,15:33:11,6.9,500,BUY
HK.01876,15:33:14,21.3,800,BUY
HK.00763,15:33:15,21.4,200,BUY
HK.00777,15:33:15,20.275,1000,NEUTRAL
HK.00338,15:33:21,1.78,20000,BUY
HK.00338,15:33:22,1.78,2000,BUY
HK.00777,15:33:24,20.3,1000,BUY
HK.00451,15:33:24,0.255,8000,NEUTRAL
HK.00777,15:33:25,20.3,500,BUY
HK.00451,15:33:26,0.255,30000,BUY
HK.00338,15:33:27,1.79,2000,BUY
HK.08083,15:33:28,0.67,16000,BUY
HK.00338,15:33:28,1.79,2000,BUY
HK.00451,15:33:28,0.255,144000,BUY
HK.01876,15:33:30,21.25,3500,SELL
HK.01876,15:33:31,21.3,12000,BUY
HK.01876,15:33:31,21.3,18400,BUY
HK.01876,15:33:31,21.3,1900,NEUTRAL
HK.00451,15:33:31,0.25,900000,SELL
HK.08083,15:33:40,0.67,24000,BUY
HK.08083,15:33:41,0.67,4000,BUY
HK.09959,15:33:41,6.89,42000,NEUTRAL
HK.00451,15:33:45,0.25,60000,SELL
HK.00763,15:33:45,21.35,200,NEUTRAL
HK.01876,15:33:46,21.3,100,BUY
HK.00338,15:33:47,1.79,2000,BUY
HK.00451,15:33:47,0.25,6000,SELL
HK.00451,15:33:47,0.25,6000,SELL
HK.09959,15:33:47,6.9,2500,BUY
HK.00777,15:33:54,20.3,1000,BUY
HK.00179,15:34:00,16.72,1000,BUY
HK.00777,15:34:02,20.3,500,BUY
HK.08083,15:34:04,0.67,4000,NEUTRAL
HK.00763,15:34:05,21.35,200,NEUTRAL
HK.08083,15:34:05,0.67,4000,BUY
HK.00451,15:34:06,0.255,32000,BUY
HK.00338,15:34:08,1.79,12000,BUY
HK.00338,15:34:12,1.79,4000,BUY
HK.00451,15:34:14,0.25,880000,SELL
HK.00179,15:34:15,16.68,2500,SELL
HK.00179,15:34:15,16.68,2000,SELL
HK.00179,15:34:15,16.68,2000,NEUTRAL
HK.08083,15:34:17,0.67,8000,BUY
HK.08083,15:34:18,0.66,4000,SELL
HK.01876,15:34:19,21.3,300,BUY
HK.01876,15:34:19,21.275,200,NEUTRAL
HK.01876,15:34:19,21.25,3300,SELL
HK.01876,15:34:20,21.3,300,BUY
HK.00777,15:34:24,20.3,500,NEUTRAL
HK.01876,15:34:24,21.275,200,NEUTRAL
HK.00777,15:34:24,20.3,1000,BUY
HK.09959,15:34:24,6.9,6000,BUY
HK.09959,15:34:24,6.9,1000,BUY
HK.09959,15:34:24,6.9,1500,BUY
HK.00777,15:34:25,20.35,500,BUY
HK.00777,15:34:25,20.35,500,BUY
HK.00777,15:34:25,20.35,500,BUY
HK.00763,15:34:26,21.4,4400,BUY
HK.00763,15:34:27,21.3,200,SELL
HK.08083,15:34:27,0.66,4000,SELL
HK.00763,15:34:29,21.3,600,SELL
HK.01876,15:34:30,21.3,200,BUY
HK.01876,15:34:39,21.25,300,SELL
HK.00777,15:34:39,20.35,500,BUY
HK.00451,15:34:42,0.25,26000,SELL
HK.01958,15:34:44,3.94,159500,BUY
HK.01958,15:34:44,3.94,12500,NEUTRAL
HK.01958,15:34:44,3.94,500,BUY
HK.01876,15:34:44,21.3,300,BUY
HK.01876,15:34:44,21.3,900,BUY
HK.01958,15:34:46,3.94,500,BUY
HK.01958,15:34:46,3.94,4500,NEUTRAL
HK.08083,15:34:47,0.67,8000,BUY
HK.01317,15:34:48,0.69,4000,BUY
HK.08083,15:34:48,0.67,4000,BUY
HK.00451,15:34:50,0.255,30000,BUY
HK.00777,15:34:52,20.35,500,BUY
HK.00777,15:34:52,20.35,1000,BUY
HK.01876,15:34:53,21.275,200,NEUTRAL
HK.00777,15:34:53,20.35,500,NEUTRAL
HK.00777,15:34:53,20.35,500,BUY
HK.00777,15:34:53,20.35,1500,NEUTRAL
HK.01317,15:34:55,0.69,22000,BUY
HK.01958,15:34:56,3.94,11500,SELL
HK.01317,15:34:57,0.69,8000,BUY
HK.09959,15:35:00,6.9,500,BUY
HK.00763,15:35:00,21.4,200,BUY
HK.01876,15:35:04,21.3,100,BUY
HK.00338,15:35:11,1.78,14000,BUY
HK.00338,15:35:11,1.78,2000,BUY
HK.01876,15:35:13,21.3,1000,NEUTRAL
HK.01876,15:35:14,21.3,200,BUY
HK.00763,15:35:16,21.4,200,BUY
HK.08083,15:35:19,0.66,8000,SELL
HK.01317,15:35:20,0.69,2000,BUY
HK.01317,15:35:20,0.69,2000,BUY
HK.00338,15:35:21,1.78,6000,BUY
HK.00451,15:35:23,0.25,940000,SELL
HK.00338,15:35:24,1.78,2000,BUY
HK.09959,15:35:25,6.9,1000,NEUTRAL
HK.09959,15:35:25,6.9,19000,BUY
HK.09959,15:35:25,6.9,500,BUY
HK.09959,15:35:25,6.91,500,BUY
HK.00763,15:35:26,21.4,400,BUY
HK.00763,15:35:26,21.4,2600,BUY
HK.00763,15:35:26,21.4,2400,BUY
HK.00763,15:35:27,21.3,200,SELL
HK.00763,15:35:27,21.4,400,BUY
HK.00777,15:35:28,20.4,500,BUY
HK.00777,15:35:28,20.4,500,BUY
HK.00763,15:35:30,21.3,800,SELL
HK.01876,15:35:30,21.275,200,NEUTRAL
HK.00451,15:35:33,0.255,32000,BUY
HK.01876,15:35:34,21.25,200,SELL
HK.09959,15:35:34,6.91,500,BUY
HK.01317,15:35:35,0.69,2000,BUY
HK.01876,15:35:35,21.3,1000,NEUTRAL
HK.01876,15:35:36,21.3,200,BUY
HK.09959,15:35:38,6.91,2000,BUY
HK.09959,15:35:38,6.91,3000,BUY
HK.00763,15:35:40,21.4,4200,BUY
HK.00763,15:35:41,21.4,400,BUY
HK.00763,15:35:43,21.35,200,NEUTRAL
HK.01317,15:35:43,0.69,2000,BUY
HK.09959,15:35:49,6.91,2500,BUY
HK.09959,15:35:49,6.91,2000,BUY
HK.01958,15:35:49,3.94,500,BUY
HK.09959,15:35:50,6.91,3000,BUY
HK.00338,15:35:52,1.78,20000,BUY
HK.00338,15:35:52,1.79,4000,BUY
HK.00451,15:35:56,0.25,900000,SELL
HK.00777,15:36:00,20.4,500,BUY
HK.00338,15:36:02,1.79,2000,BUY
HK.08083,15:36:04,0.67,4000,NEUTRAL
HK.08083,15:36:04,0.67,12000,BUY
HK.00763,15:36:05,21.35,200,NEUTRAL
HK.08083,15:36:05,0.67,4000,BUY
HK.00777,15:36:15,20.4,1500,BUY
HK.00451,15:36:17,0.255,28000,BUY
HK.01876,15:36:19,21.275,200,NEUTRAL
HK.00338,15:36:21,1.79,2000,BUY
HK.00777,15:36:21,20.375,1000,NEUTRAL
HK.09959,15:36:24,6.91,500,BUY
HK.01876,15:36:27,21.3,100,BUY
HK.09959,15:36:31,6.9,6500,NEUTRAL
HK.09959,15:36:31,6.9,23500,NEUTRAL
HK.01876,15:36:35,21.3,200,BUY
HK.01876,15:36:35,21.25,1000,SELL
HK.00777,15:36:36,20.4,500,BUY
HK.09959,15:36:44,6.91,3000,BUY
HK.09959,15:36:45,6.91,500,BUY
HK.00763,15:36:45,21.4,200,BUY
HK.01876,15:36:47,21.256,100,NEUTRAL
HK.01317,15:36:49,0.69,4000,BUY
HK.00338,15:36:51,1.79,2000,BUY
HK.00451,15:36:51,0.255,30000,BUY
HK.01958,15:36:53,3.93,5000,SELL
HK.00777,15:36:55,20.35,7,NEUTRAL
HK.00777,15:36:55,20.4,1000,BUY
HK.00763,15:36:55,21.4,4200,BUY
HK.00763,15:36:56,21.4,200,BUY
HK.00777,15:36:56,20.4,500,BUY
HK.00763,15:36:58,21.4,1000,BUY
HK.01876,15:36:59,21.3,800,BUY
HK.00777,15:37:00,20.4,500,BUY
HK.01876,15:37:00,21.3,200,BUY
HK.00451,15:37:02,0.25,960000,SELL
HK.01876,15:37:04,21.3,900,BUY
HK.01876,15:37:06,21.3,200,BUY
HK.00451,15:37:12,0.25,10000,SELL
HK.00763,15:37:13,21.35,1200,SELL
HK.09959,15:37:18,6.9,2000,BUY
HK.00777,15:37:18,20.4,500,BUY
HK.01958,15:37:19,3.94,500,BUY
HK.00451,15:37:21,0.25,18000,SELL
HK.00777,15:37:25,20.4,1000,BUY
HK.09959,15:37:25,6.9,5000,BUY
HK.00338,15:37:27,1.79,6000,BUY
HK.00777,15:37:28,20.4,500,BUY
HK.00777,15:37:28,20.4,1000,BUY
HK.00451,15:37:29,0.255,30000,BUY
HK.00777,15:37:29,20.4,500,BUY
HK.00338,15:37:30,1.79,2000,BUY
HK.09959,15:37:36,6.895,500,NEUTRAL
HK.01876,15:37:39,21.3,1800,BUY
HK.01876,15:37:39,21.3,300,BUY
HK.08083,15:37:41,0.66,40000,SELL
HK.08083,15:37:42,0.67,4000,BUY
HK.01876,15:37:47,21.3,100,BUY
HK.01876,15:37:49,21.3,200,BUY
HK.00451,15:37:54,0.25,4000,NEUTRAL
HK.00777,15:37:54,20.4,500,BUY
HK.00777,15:37:54,20.4,500,BUY
HK.00777,15:37:55,20.4,1000,BUY
HK.08083,15:37:56,0.67,16000,BUY
HK.00777,15:37:57,20.4,500,BUY
HK.08083,15:37:57,0.67,4000,BUY
HK.00179,15:37:57,16.72,1000,BUY
HK.00777,15:37:57,20.4,1000,BUY
HK.01317,15:38:01,0.69,18000,BUY
HK.00777,15:38:01,20.35,1000,SELL
HK.09959,15:38:02,6.9,2500,BUY
HK.01317,15:38:03,0.69,2000,BUY
HK.01958,15:38:03,3.94,46500,BUY
HK.01958,15:38:03,3.94,11500,NEUTRAL
HK.00763,15:38:05,21.375,200,NEUTRAL
HK.00451,15:38:08,0.255,32000,BUY
HK.01876,15:38:09,21.25,1000,SELL
HK.00763,15:38:10,21.4,400,BUY
HK.01876,15:38:10,21.3,300,BUY
HK.00777,15:38:11,20.4,500,BUY
HK.00763,15:38:11,21.4,4200,BUY
HK.00763,15:38:12,21.4,2600,BUY
HK.00763,15:38:12,21.4,2600,BUY
HK.00763,15:38:12,21.4,200,BUY
HK.00763,15:38:12,21.4,200,BUY
HK.00763,15:38:12,21.4,200,BUY
HK.09959,15:38:12,6.9,30000,BUY
HK.09959,15:38:12,6.9,3500,BUY
HK.09959,15:38:12,6.9,1000,BUY
HK.09959,15:38:12,6.9,3000,BUY
HK.09959,15:38:12,6.9,500,NEUTRAL
HK.01876,15:38:14,21.3,800,BUY
HK.01876,15:38:14,21.3,500,BUY
HK.01876,15:38:14,21.3,1600,BUY
HK.01876,15:38:14,21.25,2000,SELL
HK.01958,15:38:16,3.94,500,SELL
HK.09959,15:38:16,6.9,9500,BUY
HK.09959,15:38:17,6.9,500,NEUTRAL
HK.01876,15:38:18,21.25,2000,SELL
HK.09959,15:38:19,6.91,500,BUY
HK.01876,15:38:19,21.3,400,BUY
HK.01958,15:38:20,3.95,500,BUY
HK.00763,15:38:21,21.35,2400,SELL
HK.00451,15:38:22,0.255,204000,BUY
HK.00763,15:38:22,21.4,200,BUY
HK.00451,15:38:22,0.25,920000,SELL
HK.00777,15:38:24,20.4,1000,NEUTRAL
HK.00777,15:38:24,20.4,500,BUY
HK.00777,15:38:24,20.4,4500,NEUTRAL
HK.00777,15:38:25,20.4,1000,BUY
HK.00777,15:38:25,20.4,1000,BUY
HK.00777,15:38:26,20.4,500,BUY
HK.09959,15:38:27,6.91,1000,BUY
HK.09959,15:38:27,6.91,6000,BUY
HK.00777,15:38:31,20.4,500,BUY
HK.00451,15:38:32,0.255,500000,BUY
HK.01876,15:38:39,21.3,1800,BUY
HK.00338,15:38:39,1.78,2000,BUY
HK.01876,15:38:40,21.3,400,BUY
HK.00338,15:38:42,1.78,2000,BUY
HK.09959,15:38:47,6.91,4500,BUY
HK.08083,15:38:47,0.67,12000,BUY
HK.00451,15:38:48,0.255,32000,BUY
HK.08083,15:38:48,0.67,4000,BUY
HK.00777,15:38:50,20.4,1000,BUY
HK.00777,15:38:52,20.4,500,BUY
HK.01876,15:38:52,21.284,400,NEUTRAL
HK.00338,15:38:57,1.79,10000,BUY
HK.00338,15:38:57,1.78,60000,BUY
HK.08083,15:38:58,0.67,4000,BUY
HK.01876,15:39:01,21.3,100,BUY
HK.00338,15:39:02,1.79,2000,BUY
HK.00338,15:39:02,1.79,2000,BUY
HK.01876,15:39:05,21.25,2000,SELL
HK.01876,15:39:05,21.25,600,SELL
HK.00763,15:39:05,21.375,200,NEUTRAL
HK.01876,15:39:06,21.3,500,BUY
HK.08083,15:39:06,0.67,16000,BUY
HK.08083,15:39:07,0.67,4000,BUY
HK.01958,15:39:09,3.95,242500,BUY
HK.01958,15:39:09,3.95,10000,NEUTRAL
HK.00763,15:39:13,21.4,400,BUY
HK.01958,15:39:13,3.95,3500,BUY
HK.01958,15:39:13,3.95,98500,BUY
HK.00763,15:39:14,21.4,600,BUY
HK.01317,15:39:14,0.69,4000,BUY
HK.00338,15:39:14,1.79,14000,BUY
HK.00338,15:39:18,1.79,2000,BUY
HK.00777,15:39:20,20.4,1000,BUY
HK.00777,15:39:21,20.375,500,NEUTRAL
HK.00763,15:39:25,21.4,2400,BUY
HK.00763,15:39:25,21.4,4200,BUY
HK.00777,15:39:25,20.4,500,BUY
HK.00763,15:39:25,21.35,19000,SELL
HK.00763,15:39:26,21.4,2400,BUY
HK.08083,15:39:26,0.67,4000,BUY
HK.00763,15:39:26,21.4,2400,BUY
HK.00763,15:39:26,21.4,1800,BUY
HK.00777,15:39:28,20.4,1000,BUY
HK.00763,15:39:29,21.35,600,SELL
HK.01876,15:39:29,21.25,900,SELL
HK.01876,15:39:29,21.3,700,BUY
HK.00338,15:39:29,1.79,2000,BUY
HK.01876,15:39:30,21.3,400,BUY
HK.00451,15:39:31,0.25,4000,NEUTRAL
HK.00777,15:39:32,20.375,500,NEUTRAL
HK.00777,15:39:33,20.375,500,NEUTRAL
HK.00451,15:39:35,0.255,30000,BUY
HK.01317,15:39:43,0.69,2000,BUY
HK.00338,15:39:43,1.79,2000,BUY
HK.00777,15:39:44,20.4,500,BUY
HK.00763,15:39:44,21.4,200,BUY
HK.01317,15:39:46,0.69,14000,BUY
HK.08083,15:39:47,0.67,20000,BUY
HK.08083,15:39:48,0.67,4000,BUY
HK.01317,15:39:49,0.69,2000,BUY
HK.00777,15:39:50,20.4,1000,BUY
HK.09959,15:39:52,6.89,32000,SELL
HK.09959,15:39:52,6.89,18500,SELL
HK.09959,15:39:53,6.91,1000,BUY
HK.09959,15:39:53,6.91,3500,BUY
HK.00763,15:39:58,21.35,1000,SELL
HK.00763,15:39:58,21.35,12000,SELL
HK.00777,15:39:59,20.4,1000,BUY
HK.00763,15:40:00,21.4,200,BUY
HK.00777,15:40:00,20.4,500,NEUTRAL
HK.00179,15:40:03,16.68,1000,NEUTRAL
HK.00338,15:40:03,1.79,4000,BUY
HK.00338,15:40:03,1.79,500000,BUY
HK.00338,15:40:04,1.79,2000,BUY
HK.00777,15:40:05,20.4,500,BUY
HK.00777,15:40:05,20.4,500,BUY
HK.00777,15:40:05,20.4,500,BUY
HK.00777,15:40:05,20.4,2000,BUY
HK.00777,15:40:05,20.4,500,BUY
HK.00777,15:40:06,20.4,500,BUY
HK.00777,15:40:06,20.4,500,BUY
HK.00338,15:40:07,1.79,2000,BUY
HK.01876,15:40:09,21.3,500,BUY
HK.00338,15:40:09,1.79,2000,BUY
HK.00179,15:40:10,16.7,1000,BUY
HK.01876,15:40:11,21.3,800,BUY
HK.00451,15:40:12,0.255,32000,BUY
HK.01876,15:40:14,21.3,200,BUY
HK.01958,15:40:14,3.94,52000,SELL
HK.00338,15:40:15,1.79,2000,BUY
HK.00338,15:40:15,1.79,14000,BUY
HK.00451,15:40:16,0.25,68000,SELL
HK.09959,15:40:16,6.91,500,BUY
HK.00338,15:40:17,1.79,2000,BUY
HK.00451,15:40:17,0.25,4000,SELL
HK.00451,15:40:17,0.25,4000,SELL
HK.00451,15:40:19,0.25,970000,SELL
HK.09959,15:40:19,6.88,500,SELL
HK.09959,15:40:19,6.88,9000,SELL
HK.01317,15:40:20,0.69,6000,BUY
HK.09959,15:40:20,6.87,500,SELL
HK.01317,15:40:21,0.69,6000,BUY
HK.00777,15:40:21,20.4,1000,BUY
HK.09959,15:40:24,6.87,500,SELL
HK.00777,15:40:26,20.356,500,NEUTRAL
HK.09959,15:40:26,6.87,500,SELL
HK.01958,15:40:27,3.93,30000,SELL
HK.00338,15:40:28,1.79,2000,BUY
HK.01876,15:40:31,21.3,400,NEUTRAL
HK.01876,15:40:32,21.25,30000,SELL
HK.09959,15:40:33,6.87,1000,SELL
HK.01876,15:40:33,21.3,3600,BUY
HK.01876,15:40:34,21.3,1700,BUY
HK.00777,15:40:35,20.4,500,BUY
HK.00451,15:40:36,0.255,2000,BUY
HK.00777,15:40:36,20.4,500,NEUTRAL
HK.00763,15:40:37,21.35,200,SELL
HK.09959,15:40:38,6.87,4500,SELL
HK.00338,15:40:39,1.79,2000,BUY
HK.01876,15:40:39,21.3,300,BUY
HK.09959,15:40:39,6.87,1000,SELL
HK.00777,15:40:41,20.4,500,BUY
HK.00777,15:40:41,20.4,1000,BUY
HK.00777,15:40:41,20.4,1000,BUY
HK.00777,15:40:41,20.4,1500,BUY
HK.00777,15:40:41,20.4,500,BUY
HK.09959,15:40:42,6.87,500,SELL
HK.01876,15:40:44,21.3,800,BUY
HK.00763,15:40:44,21.35,600,SELL
HK.01876,15:40:45,21.3,900,BUY
HK.09959,15:40:46,6.87,500,SELL
HK.00451,15:40:49,0.255,2000,BUY
HK.00451,15:40:49,0.25,930000,SELL
HK.00777,15:40:51,20.4,1000,NEUTRAL
HK.00451,15:40:52,0.255,30000,BUY
HK.01876,15:40:53,21.25,1000,SELL
HK.00338,15:40:53,1.79,2000,BUY
HK.09959,15:40:59,6.87,500,SELL
HK.00338,15:41:00,1.79,2000,BUY
HK.01876,15:41:00,21.25,2000,SELL
HK.00338,15:41:02,1.79,2000,BUY
HK.00777,15:41:05,20.4,1000,BUY
HK.00763,15:41:06,21.4,400,BUY
HK.00777,15:41:06,20.4,500,BUY
HK.00777,15:41:06,20.4,500,BUY
HK.08083,15:41:08,0.67,20000,BUY
HK.00777,15:41:08,20.4,500,NEUTRAL
HK.00777,15:41:08,20.4,1000,BUY
HK.00338,15:41:11,1.79,2000,BUY
HK.01317,15:41:18,0.69,94000,BUY
HK.01317,15:41:18,0.69,26000,NEUTRAL
HK.09959,15:41:19,6.87,500,SELL
HK.01317,15:41:23,0.69,12000,BUY
HK.01317,15:41:23,0.69,12000,BUY
HK.01317,15:41:23,0.69,262000,BUY
HK.01317,15:41:24,0.68,60000,SELL
HK.00451,15:41:25,0.25,4000,NEUTRAL
HK.00338,15:41:26,1.79,2000,BUY
HK.01958,15:41:26,3.94,3000,BUY
HK.01317,15:41:27,0.69,6000,BUY
HK.01317,15:41:28,0.69,38000,BUY
HK.00777,15:41:28,20.4,500,BUY
HK.01317,15:41:30,0.69,100000,BUY
HK.01317,15:41:30,0.69,12000,BUY
HK.01317,15:41:30,0.69,2000,BUY
HK.01317,15:41:30,0.69,6000,BUY
HK.01317,15:41:31,0.69,22000,BUY
HK.00451,15:41:31,0.255,30000,BUY
HK.01317,15:41:31,0.69,10000,BUY
HK.01876,15:41:31,21.3,200,BUY
HK.01317,15:41:32,0.69,2000,BUY
HK.00763,15:41:33,21.4,2600,BUY
HK.00763,15:41:33,21.4,2400,BUY
HK.01317,15:41:33,0.69,2000,BUY
HK.00763,15:41:33,21.35,1200,SELL
HK.01317,15:41:33,0.69,4000,BUY
HK.01317,15:41:34,0.69,6000,BUY
HK.00763,15:41:35,21.375,2200,NEUTRAL
HK.00451,15:41:35,0.25,900000,SELL
HK.01317,15:41:36,0.69,2000,BUY
HK.00338,15:41:41,1.79,2000,BUY
HK.00763,15:41:45,21.4,200,BUY
HK.00338,15:41:51,1.79,2000,BUY
HK.00763,15:41:52,21.4,5000,BUY
HK.09959,15:42:00,6.88,500,BUY
HK.01876,15:42:00,21.3,1000,BUY
HK.01876,15:42:00,21.25,1800,SELL
HK.00777,15:42:01,20.4,500,BUY
HK.01876,15:42:01,21.25,1900,SELL
HK.00777,15:42:01,20.4,1000,BUY
HK.01876,15:42:04,21.25,500,SELL
HK.00338,15:42:05,1.79,2000,BUY
HK.00777,15:42:05,20.35,500,SELL
HK.00777,15:42:05,20.35,1500,SELL
HK.00777,15:42:05,20.35,34000,SELL
HK.01958,15:42:05,3.94,25500,BUY
HK.00451,15:42:07,0.255,32000,BUY
HK.01876,15:42:09,21.3,100,BUY
HK.01876,15:42:14,21.25,900,SELL
HK.01317,15:42:16,0.69,200000,BUY
HK.01317,15:42:16,0.69,10000,BUY
HK.00338,15:42:16,1.79,2000,BUY
HK.09959,15:42:17,6.88,7000,BUY
HK.00451,15:42:19,0.25,950000,SELL
HK.01317,15:42:21,0.69,2000,BUY
HK.01317,15:42:21,0.69,8000,BUY
HK.00338,15:42:22,1.79,2000,BUY
HK.01317,15:42:23,0.69,6000,SELL
HK.01317,15:42:23,0.69,188000,BUY
HK.01317,15:42:23,0.69,6000,BUY
HK.01317,15:42:24,0.69,38000,SELL
HK.01317,15:42:24,0.69,12000,SELL
HK.01317,15:42:24,0.7,12000,BUY
HK.01317,15:42:24,0.7,12000,BUY
HK.00338,15:42:25,1.79,2000,BUY
HK.00338,15:42:27,1.79,18000,BUY
HK.00763,15:42:32,21.35,1200,SELL
HK.08083,15:42:32,0.67,8000,BUY
HK.00763,15:42:33,21.375,1400,NEUTRAL
HK.08083,15:42:33,0.67,4000,BUY
HK.01958,15:42:37,3.94,4500,SELL
HK.01958,15:42:39,3.95,3500,BUY
HK.00338,15:42:40,1.79,2000,BUY
HK.00763,15:42:42,21.35,200,NEUTRAL
HK.00451,15:42:47,0.255,28000,BUY
HK.00777,15:42:47,20.325,500,NEUTRAL
HK.00451,15:42:50,0.25,8000,SELL
HK.00763,15:42:51,21.4,3600,BUY
HK.00338,15:42:52,1.79,2000,BUY
HK.00338,15:42:52,1.79,2000,BUY
HK.00338,15:42:53,1.79,2000,BUY
HK.00451,15:42:55,0.25,4000,NEUTRAL
HK.01876,15:42:57,21.3,200,BUY
HK.01876,15:42:59,21.3,900,BUY
HK.01876,15:43:00,21.3,1200,BUY
HK.01876,15:43:00,21.25,2000,SELL
HK.01876,15:43:01,21.3,900,BUY
HK.01317,15:43:01,0.7,14000,BUY
HK.00763,15:43:03,21.35,800,SELL
HK.00338,15:43:06,1.79,2000,BUY
HK.01876,15:43:09,21.3,500,BUY
HK.00451,15:43:09,0.25,900000,SELL
HK.01876,15:43:09,21.25,10000,SELL
HK.01876,15:43:09,21.3,1700,BUY
HK.01876,15:43:17,21.25,200,SELL
HK.00338,15:43:18,1.79,2000,BUY
HK.00338,15:43:21,1.79,4000,BUY
HK.00179,15:43:22,16.7,500,BUY
HK.00451,15:43:24,0.255,30000,BUY
HK.00338,15:43:26,1.79,10000,BUY
HK.00763,15:43:27,21.35,1000,SELL
HK.00777,15:43:27,20.35,1500,BUY
HK.00338,15:43:29,1.79,2000,BUY
HK.00451,15:43:29,0.255,2000,BUY
HK.00763,15:43:29,21.4,200,BUY
HK.01876,15:43:30,21.3,1000,BUY
HK.00763,15:43:31,21.4,3800,BUY
HK.01958,15:43:32,3.94,5500,BUY
HK.00763,15:43:33,21.375,1600,NEUTRAL
HK.01876,15:43:36,21.25,1000,SELL
HK.00763,15:43:38,21.35,200,SELL
HK.00763,15:43:40,21.4,200,BUY
HK.00763,15:43:41,21.35,200,SELL
HK.00451,15:43:42,0.25,980000,SELL
HK.00338,15:43:42,1.79,2000,BUY
HK.00338,15:43:44,1.79,2000,BUY
HK.09959,15:43:45,6.88,500,BUY
HK.00338,15:43:45,1.79,28000,NEUTRAL
HK.00763,15:43:47,21.35,200,SELL
HK.00777,15:43:48,20.35,500,BUY
HK.01876,15:43:48,21.3,200,BUY
HK.09959,15:43:49,6.88,5000,BUY
HK.09959,15:43:49,6.88,3000,BUY
HK.00763,15:43:52,21.35,200,SELL
HK.00763,15:43:53,21.4,400,BUY
HK.00763,15:43:53,21.4,200,BUY
HK.00451,15:43:55,0.25,4000,NEUTRAL
HK.00179,15:43:56,16.7,2000,BUY
HK.00763,15:43:57,21.4,4000,BUY
HK.08083,15:43:57,0.67,4000,BUY
HK.01876,15:43:58,21.3,1800,BUY
HK.00763,15:43:58,21.35,200,SELL
HK.01876,15:44:00,21.25,2000,SELL
HK.00451,15:44:01,0.255,28000,BUY
HK.00451,15:44:09,0.25,920000,SELL
HK.01876,15:44:11,21.25,400,SELL
HK.00777,15:44:11,20.35,1000,BUY
HK.01876,15:44:11,21.12,15,NEUTRAL
HK.00763,15:44:12,21.4,200,NEUTRAL
HK.00763,15:44:12,21.4,1000,NEUTRAL
HK.09959,15:44:14,6.88,5000,BUY
HK.01958,15:44:15,3.94,4500,SELL
HK.01958,15:44:15,3.94,17500,BUY
HK.01958,15:44:19,3.94,32000,SELL
HK.01958,15:44:20,3.94,500,SELL
HK.00338,15:44:21,1.79,30000,NEUTRAL
HK.09959,15:44:22,6.88,1000,BUY
HK.09959,15:44:22,6.88,500,NEUTRAL
HK.09959,15:44:22,6.88,2000,BUY
HK.00777,15:44:22,20.3,500,SELL
HK.00451,15:44:24,0.255,20000,BUY
HK.01876,15:44:24,21.3,700,BUY
HK.00777,15:44:26,20.3,10500,SELL
HK.00763,15:44:26,21.35,600,SELL
HK.01958,15:44:27,3.94,14000,NEUTRAL
HK.01876,15:44:29,21.3,800,BUY
HK.01876,15:44:30,21.25,1900,SELL
HK.00451,15:44:38,0.25,900000,SELL
HK.01958,15:44:40,3.94,500,SELL
HK.00451,15:44:41,0.255,700000,BUY
HK.08083,15:44:42,0.67,16000,BUY
HK.08083,15:44:42,0.67,24000,BUY
HK.08083,15:44:42,0.67,4000,BUY
HK.08083,15:44:43,0.67,8000,BUY
HK.00763,15:44:47,21.35,200,NEUTRAL
HK.09959,15:44:50,6.88,2000,BUY
HK.09959,15:44:50,6.88,10500,NEUTRAL
HK.09959,15:44:50,6.88,38000,BUY
HK.01876,15:44:52,21.3,2100,BUY
HK.01958,15:44:55,3.95,111500,BUY
HK.01876,15:44:57,21.25,900,SELL
HK.00451,15:44:59,0.255,2000,BUY
HK.01876,15:45:00,21.25,1800,SELL
HK.00179,15:45:02,16.7,1000,NEUTRAL
HK.01876,15:45:02,21.3,100,BUY
HK.00179,15:45:02,16.68,2000,NEUTRAL
HK.08083,15:45:02,0.67,8000,BUY
HK.00179,15:45:02,16.7,500,BUY
HK.00179,15:45:02,16.7,500,BUY
HK.00179,15:45:04,16.7,500,BUY
HK.00338,15:45:06,1.79,18000,BUY
HK.00777,15:45:06,20.3,1500,SELL
HK.01876,15:45:07,21.3,500,BUY
HK.08083,15:45:07,0.67,300000,BUY
HK.00763,15:45:07,21.4,4200,BUY
HK.08083,15:45:08,0.67,56000,BUY
HK.00763,15:45:08,21.4,200,BUY
HK.00338,15:45:08,1.79,2000,BUY
HK.00179,15:45:09,16.66,500,SELL
HK.00179,15:45:10,16.68,500,BUY
HK.00777,15:45:10,20.3,1500,SELL
HK.08083,15:45:12,0.67,8000,NEUTRAL
HK.08083,15:45:12,0.67,16000,BUY
HK.08083,15:45:13,0.67,4000,BUY
HK.09959,15:45:15,6.89,500,BUY
HK.00763,15:45:15,21.4,200,BUY
HK.00451,15:45:16,0.25,90000,SELL
HK.00763,15:45:16,21.35,800,SELL
HK.01876,15:45:17,21.3,1000,BUY
HK.00451,15:45:17,0.25,6000,SELL
HK.00451,15:45:17,0.25,4000,SELL
HK.00763,15:45:19,21.35,800,SELL
HK.00338,15:45:21,1.79,4000,BUY
HK.01876,15:45:22,21.25,9000,SELL
HK.01876,15:45:22,21.25,12900,SELL
HK.01876,15:45:22,21.25,27600,SELL
HK.01876,15:45:22,21.25,300,SELL
HK.01317,15:45:23,0.69,6000,SELL
HK.09959,15:45:24,6.89,500,BUY
HK.01876,15:45:24,21.3,400,BUY
HK.01958,15:45:24,3.94,500,SELL
HK.00777,15:45:25,20.3,500,SELL
HK.00451,15:45:25,0.25,4000,NEUTRAL
HK.01317,15:45:28,0.7,6000,BUY
HK.01317,15:45:28,0.69,22000,SELL
HK.01958,15:45:31,3.94,11500,BUY
HK.09959,15:45:35,6.89,5000,BUY
HK.01876,15:45:36,21.25,100,SELL
HK.00179,15:45:36,16.66,500,SELL
HK.01876,15:45:37,21.3,700,BUY
HK.00763,15:45:42,21.4,200,BUY
HK.00451,15:45:46,0.25,950000,SELL
HK.01958,15:45:46,3.94,2500,BUY
HK.00777,15:45:48,20.35,500,BUY
HK.01876,15:45:53,21.3,200,BUY
HK.08083,15:45:58,0.67,4000,BUY
HK.01876,15:46:00,21.253,400,NEUTRAL
HK.09959,15:46:02,6.89,500,NEUTRAL
HK.00763,15:46:03,21.35,200,SELL
HK.00763,15:46:03,21.4,2400,BUY
HK.00763,15:46:03,21.4,2400,BUY
HK.00777,15:46:04,20.3,2000,SELL
HK.00763,15:46:05,21.375,200,NEUTRAL
HK.01876,15:46:06,21.25,4000,SELL
HK.08083,15:46:07,0.67,8000,NEUTRAL
HK.00763,15:46:07,21.4,4200,BUY
HK.00777,15:46:08,20.35,500,BUY
HK.01876,15:46:08,21.25,200,SELL
HK.01876,15:46:09,21.3,200,BUY
HK.00777,15:46:17,20.325,500,NEUTRAL
HK.00777,15:46:20,20.3,5500,SELL
HK.01876,15:46:20,21.25,1000,SELL
HK.00777,15:46:21,20.3,1000,BUY
HK.01317,15:46:22,0.68,2000,SELL
HK.01876,15:46:22,21.25,100,SELL
HK.01317,15:46:23,0.68,6000,SELL
HK.01958,15:46:29,3.94,165000,BUY
HK.08083,15:46:33,0.67,40000,BUY
HK.08083,15:46:34,0.67,8000,BUY
HK.01876,15:46:34,21.3,1800,BUY
HK.01876,15:46:39,21.25,100,SELL
HK.01876,15:46:39,21.25,1400,NEUTRAL
HK.08083,15:46:43,0.66,4000,SELL
HK.00763,15:46:44,21.4,200,BUY
HK.01876,15:46:44,21.3,700,BUY
HK.00777,15:46:48,20.275,500,NEUTRAL
HK.01876,15:46:54,21.3,200,BUY
HK.09959,15:46:54,6.89,3500,BUY
HK.00451,15:46:55,0.25,4000,NEUTRAL
HK.00179,15:46:56,16.68,500,BUY
HK.00179,15:46:56,16.68,500,NEUTRAL
HK.08083,15:46:59,0.67,8000,BUY
HK.01876,15:47:00,21.25,400,SELL
HK.01876,15:47:00,21.25,100,SELL
HK.01876,15:47:00,21.25,800,SELL
HK.01876,15:47:00,21.25,500,SELL
HK.01876,15:47:00,21.25,2000,SELL
HK.09959,15:47:05,6.885,500,NEUTRAL
HK.09959,15:47:07,6.89,500,BUY
HK.00763,15:47:07,21.4,4400,BUY
HK.00763,15:47:09,21.4,200,BUY
HK.00763,15:47:12,21.4,200,BUY
HK.00763,15:47:12,21.4,200,BUY
HK.00338,15:47:12,1.79,2000,BUY
HK.09959,15:47:12,6.88,2500,SELL
HK.09959,15:47:12,6.88,15000,SELL
HK.09959,15:47:12,6.88,14500,SELL
HK.09959,15:47:12,6.88,7000,SELL
HK.01876,15:47:13,21.25,900,SELL
HK.01876,15:47:13,21.25,100,NEUTRAL
HK.09959,15:47:16,6.89,3000,BUY
HK.09959,15:47:16,6.89,2000,BUY
HK.09959,15:47:16,6.89,500,NEUTRAL
HK.01876,15:47:16,21.25,300,SELL
HK.01876,15:47:16,21.25,100,SELL
HK.08083,15:47:17,0.67,8000,BUY
HK.08083,15:47:18,0.67,4000,BUY
HK.00777,15:47:18,20.25,500,SELL
HK.08083,15:47:18,0.67,4000,BUY
HK.01958,15:47:25,3.94,43500,BUY
HK.01876,15:47:26,21.25,13600,SELL
HK.00338,15:47:27,1.79,44000,BUY
HK.00777,15:47:29,20.3,500,BUY
HK.00451,15:47:31,0.25,900000,SELL
HK.01876,15:47:36,21.25,4300,SELL
HK.00338,15:47:45,1.79,2000,BUY
HK.01876,15:47:46,21.2,2400,SELL
HK.00338,15:47:47,1.79,2000,BUY
HK.00451,15:47:55,0.25,4000,NEUTRAL
HK.01317,15:47:57,0.69,4000,NEUTRAL
HK.01317,15:47:57,0.69,18000,BUY
HK.00777,15:47:58,20.3,500,BUY
HK.01876,15:48:00,21.2,2000,SELL
HK.00777,15:48:02,20.3,1000,BUY
HK.01317,15:48:05,0.69,14000,BUY
HK.00763,15:48:05,21.375,200,NEUTRAL
HK.08083,15:48:06,0.67,4000,BUY
HK.00763,15:48:07,21.4,4200,BUY
HK.00763,15:48:07,21.35,200,SELL
HK.01876,15:48:09,21.2,1100,SELL
HK.01876,15:48:09,21.25,500,BUY
HK.01958,15:48:12,3.94,10000,NEUTRAL
HK.00763,15:48:14,21.4,200,BUY
HK.00777,15:48:18,20.25,500,SELL
HK.00777,15:48:29,20.3,1000,BUY
HK.00451,15:48:35,0.25,950000,SELL
HK.01876,15:48:36,21.2,200,SELL
HK.00451,15:48:37,0.25,1000000,SELL
HK.09959,15:48:42,6.88,500,NEUTRAL
HK.01876,15:48:45,21.25,1200,BUY
HK.09959,15:48:46,6.89,500,BUY
HK.00777,15:48:49,20,63,NEUTRAL
HK.01958,15:48:50,3.95,1000,BUY
HK.01317,15:48:50,0.69,2000,BUY
HK.01317,15:48:50,0.69,152000,BUY
HK.01317,15:48:50,0.69,30000,NEUTRAL
HK.01317,15:48:50,0.69,18000,BUY
HK.01317,15:48:52,0.69,4000,BUY
HK.01317,15:48:52,0.69,4000,BUY
HK.01317,15:48:53,0.69,6000,BUY
HK.09959,15:48:56,6.89,5000,BUY
HK.00777,15:48:57,20.3,1000,BUY
HK.01876,15:48:59,21.2,800,NEUTRAL
HK.01876,15:48:59,21.2,1900,SELL
HK.01876,15:48:59,21.25,600,BUY
HK.01876,15:48:59,21.25,800,BUY
HK.08083,15:49:00,0.67,4000,BUY
HK.00451,15:49:00,0.255,2000,BUY
HK.01958,15:49:01,3.95,19500,BUY
HK.00763,15:49:01,21.4,200,BUY
HK.00451,15:49:02,0.25,1002000,SELL
HK.00451,15:49:03,0.25,40000,SELL
HK.09959,15:49:04,6.89,500,BUY
HK.00451,15:49:04,0.25,400000,SELL
HK.08083,15:49:04,0.67,32000,BUY
HK.08083,15:49:05,0.67,8000,BUY
HK.00763,15:49:07,21.4,4200,BUY
HK.00763,15:49:07,21.4,2400,BUY
HK.00763,15:49:07,21.4,600,BUY
HK.00763,15:49:07,21.4,6800,BUY
HK.01317,15:49:07,0.69,16000,BUY
HK.00763,15:49:07,21.4,2400,BUY
HK.00763,15:49:07,21.4,5000,BUY
HK.00763,15:49:08,21.35,2600,SELL
HK.00763,15:49:08,21.4,2400,BUY
HK.00763,15:49:08,21.4,2400,BUY
HK.00763,15:49:08,21.4,2000,BUY
HK.00763,15:49:09,21.45,4000,BUY
HK.00763,15:49:11,21.45,1800,BUY
HK.00763,15:49:11,21.45,2400,BUY
HK.01958,15:49:12,3.95,20000,SELL
HK.01958,15:49:12,3.95,500,BUY
HK.01958,15:49:12,3.96,248000,BUY
HK.01958,15:49:12,3.96,1500,NEUTRAL
HK.01876,15:49:13,21.2,700,SELL
HK.01876,15:49:15,21.2,2000,SELL
HK.01876,15:49:15,21.2,18000,SELL
HK.01876,15:49:15,21.25,1300,BUY
HK.00179,15:49:16,16.68,500,BUY
HK.00179,15:49:16,16.68,1000,NEUTRAL
HK.00179,15:49:16,16.68,500,BUY
HK.00338,15:49:18,1.79,32000,BUY
HK.09959,15:49:19,6.89,3000,NEUTRAL
HK.09959,15:49:19,6.89,46500,BUY
HK.09959,15:49:19,6.89,3000,BUY
HK.01876,15:49:21,21.2,1000,SELL
HK.00777,15:49:21,20.25,500,SELL
HK.00777,15:49:22,20.3,1000,BUY
HK.00451,15:49:22,0.25,500000,SELL
HK.00451,15:49:22,0.25,880000,SELL
HK.00451,15:49:25,0.25,60000,SELL
HK.00451,15:49:25,0.25,4000,NEUTRAL
HK.00451,15:49:27,0.25,300000,SELL
HK.00777,15:49:29,20.3,1000,BUY
HK.01876,15:49:31,21.2,4300,SELL
HK.00451,15:49:32,0.25,80000,SELL
HK.00179,15:49:34,16.66,500,SELL
HK.01317,15:49:35,0.68,338000,SELL
HK.01317,15:49:35,0.68,162000,NEUTRAL
HK.01876,15:49:36,21.2,100,SELL
HK.08083,15:49:44,0.67,44000,BUY
HK.08083,15:49:45,0.67,8000,BUY
HK.00777,15:49:47,20.3,1000,BUY
HK.01876,15:49:50,21.2,800,SELL
HK.01958,15:49:53,3.95,12000,SELL
HK.00338,15:49:55,1.79,2000,NEUTRAL
HK.00338,15:49:56,1.78,4000,SELL
HK.00777,15:49:58,20.3,1000,BUY
HK.01958,15:50:03,3.96,1000,NEUTRAL
HK.00451,15:50:05,0.25,40000,SELL
HK.00763,15:50:05,21.375,200,NEUTRAL
HK.00777,15:50:08,20.25,500,SELL
HK.00763,15:50:08,21.4,4200,BUY
HK.00763,15:50:12,21.4,2200,BUY
HK.00763,15:50:12,21.4,200,BUY
HK.01876,15:50:16,21.25,600,BUY
HK.00763,15:50:16,21.4,200,BUY
HK.01876,15:50:16,21.2,100,SELL
HK.09959,15:50:16,6.9,5000,BUY
HK.08083,15:50:16,0.67,28000,BUY
HK.01876,15:50:16,21.25,1400,BUY
HK.00777,15:50:17,20.3,1500,BUY
HK.08083,15:50:17,0.67,4000,BUY
HK.00451,15:50:17,0.25,6000,SELL
HK.08083,15:50:17,0.66,4000,SELL
HK.08083,15:50:17,0.67,8000,BUY
HK.00338,15:50:18,1.79,20000,BUY
HK.01958,15:50:18,3.96,100000,BUY
HK.01876,15:50:19,21.2,700,SELL
HK.01958,15:50:20,3.96,52000,BUY
HK.09959,15:50:21,6.88,3500,SELL
HK.09959,15:50:21,6.88,5500,SELL
HK.09959,15:50:21,6.88,1000,SELL
HK.00763,15:50:21,21.35,600,SELL
HK.01876,15:50:22,21.25,300,BUY
HK.00451,15:50:22,0.25,100000,SELL
HK.00763,15:50:23,21.375,1600,NEUTRAL
HK.00763,15:50:23,21.4,200,BUY
HK.00763,15:50:23,21.35,1400,SELL
HK.00763,15:50:23,21.4,2600,BUY
HK.01876,15:50:23,21.2,700,NEUTRAL
HK.00451,15:50:28,0.25,900000,SELL
HK.00338,15:50:28,1.79,2000,BUY
HK.08083,15:50:30,0.67,16000,BUY
HK.00763,15:50:30,21.4,1800,BUY
HK.00338,15:50:30,1.79,2000,BUY
HK.00451,15:50:31,0.25,4000,NEUTRAL
HK.08083,15:50:31,0.67,4000,BUY
HK.01958,15:50:32,3.96,30500,NEUTRAL
HK.01876,15:50:35,21.25,500,BUY
HK.01876,15:50:35,21.2,900,SELL
HK.00763,15:50:39,21.35,200,SELL
HK.00763,15:50:41,21.35,1000,SELL
HK.01876,15:50:44,21.2,200,SELL
HK.01958,15:50:45,3.96,10000,BUY
HK.01958,15:50:49,3.96,10500,BUY
HK.01876,15:50:51,21.2,900,SELL
HK.01876,15:50:51,21.2,700,NEUTRAL
HK.01958,15:50:52,3.96,500,BUY
HK.09959,15:50:52,6.88,3000,SELL
HK.09959,15:50:52,6.88,3000,SELL
HK.01876,15:50:53,21.2,1000,NEUTRAL
HK.09959,15:50:54,6.9,2000,BUY
HK.09959,15:50:54,6.9,12500,NEUTRAL
HK.09959,15:50:54,6.9,100000,BUY
HK.01876,15:50:56,21.25,1200,BUY
HK.01876,15:50:57,21.25,500,BUY
HK.01876,15:50:58,21.2,100,SELL
HK.00777,15:50:58,20.3,1000,BUY
HK.00777,15:50:59,20.3,500,BUY
HK.00451,15:51:02,0.25,40000,SELL
HK.01958,15:51:02,3.95,20000,SELL
HK.00777,15:51:03,20.275,500,NEUTRAL
HK.08083,15:51:03,0.67,4000,BUY
HK.00763,15:51:03,21.4,4000,BUY
HK.08083,15:51:05,0.67,20000,BUY
HK.08083,15:51:05,0.67,8000,BUY
HK.08083,15:51:06,0.67,8000,BUY
HK.08083,15:51:06,0.67,4000,BUY
HK.00763,15:51:10,21.4,2000,BUY
HK.01876,15:51:11,21.25,1000,BUY
HK.01876,15:51:11,21.25,300,BUY
HK.01876,15:51:12,21.2,100,SELL
HK.01876,15:51:16,21.25,36,NEUTRAL
HK.01876,15:51:18,21.2,700,NEUTRAL
HK.01876,15:51:18,21.2,200,SELL
HK.01876,15:51:18,21.2,1400,SELL
HK.00763,15:51:18,21.4,200,BUY
HK.01876,15:51:18,21.2,100,SELL
HK.00777,15:51:19,20.3,500,BUY
HK.01876,15:51:19,21.25,800,BUY
HK.00763,15:51:20,21.35,1200,SELL
HK.00777,15:51:21,20.3,2500,BUY
HK.00763,15:51:22,21.35,400,SELL
HK.01876,15:51:22,21.2,500,SELL
HK.00777,15:51:23,20.3,1000,BUY
HK.01876,15:51:24,21.2,700,SELL
HK.09959,15:51:26,6.91,4000,BUY
HK.00451,15:51:26,0.25,500000,SELL
HK.00451,15:51:26,0.25,850000,SELL
HK.09959,15:51:28,6.91,500,BUY
HK.00777,15:51:28,20.3,1000,BUY
HK.00777,15:51:28,20.3,1000,BUY
HK.00777,15:51:30,20.3,1500,BUY
HK.00451,15:51:31,0.25,4000,NEUTRAL
HK.00763,15:51:32,21.4,1000,NEUTRAL
HK.00763,15:51:35,21.4,2400,BUY
HK.01958,15:51:39,3.96,500,BUY
HK.01958,15:51:41,3.96,49500,BUY
HK.01876,15:51:41,21.2,100,SELL
HK.00763,15:51:42,21.35,1000,SELL
HK.01876,15:51:44,21.2,300,SELL
HK.01876,15:51:44,21.2,500,NEUTRAL
HK.01876,15:51:45,21.25,300,BUY
HK.00777,15:51:47,20.3,9000,SELL
HK.00777,15:51:48,20.35,1500,NEUTRAL
HK.01958,15:51:48,3.96,500,SELL
HK.08083,15:51:49,0.67,8000,BUY
HK.00763,15:51:50,21.4,200,BUY
HK.01876,15:51:53,21.2,700,SELL
HK.00763,15:51:53,21.4,3200,BUY
HK.08083,15:51:58,0.67,4000,BUY
HK.08083,15:51:58,0.67,8000,BUY
HK.08083,15:51:58,0.67,8000,BUY
HK.08083,15:51:58,0.67,4000,BUY
HK.00763,15:51:59,21.35,800,SELL
HK.09959,15:51:59,6.9,276,NEUTRAL
HK.08083,15:51:59,0.67,4000,BUY
HK.00777,15:51:59,20.35,500,BUY
HK.00338,15:52:03,1.79,12000,NEUTRAL
HK.00338,15:52:03,1.79,6000,BUY
HK.00763,15:52:05,21.375,200,NEUTRAL
HK.01958,15:52:06,3.97,246500,BUY
HK.01876,15:52:08,21.2,500,SELL
HK.01876,15:52:08,21.2,400,SELL
HK.01876,15:52:09,21.25,600,BUY
HK.01876,15:52:09,21.2,200,SELL
HK.00338,15:52:12,1.78,44000,SELL
HK.00338,15:52:13,1.79,14000,BUY
HK.09959,15:52:22,6.9,500,NEUTRAL
HK.01876,15:52:26,21.25,300,BUY
HK.01876,15:52:26,21.25,1200,BUY
HK.00763,15:52:28,21.4,2600,BUY
HK.00451,15:52:30,0.25,2000,SELL
HK.00451,15:52:31,0.25,4000,NEUTRAL
HK.00338,15:52:32,1.79,2000,BUY
HK.00338,15:52:34,1.79,2000,BUY
HK.00763,15:52:35,21.4,200,BUY
HK.08083,15:52:35,0.67,8000,BUY
HK.01876,15:52:35,21.2,700,SELL
HK.01958,15:52:37,3.95,100000,SELL
HK.01876,15:52:37,21.25,300,BUY
HK.09959,15:52:38,6.91,3000,BUY
HK.01958,15:52:40,3.95,3500,SELL
HK.01876,15:52:41,21.2,500,SELL
HK.01876,15:52:41,21.2,700,SELL
HK.00763,15:52:42,21.4,1800,BUY
HK.00763,15:52:42,21.4,200,BUY
HK.01876,15:52:42,21.2,300,SELL
HK.01958,15:52:43,3.95,4000,SELL
HK.00777,15:52:43,20.35,1000,BUY
HK.01958,15:52:44,3.96,1000,BUY
HK.00763,15:52:45,21.4,200,BUY
HK.08083,15:52:47,0.67,8000,BUY
HK.08083,15:52:48,0.67,4000,BUY
HK.00451,15:52:55,0.255,2000,BUY
HK.01876,15:52:56,21.2,400,NEUTRAL
HK.01876,15:52:56,21.2,1000,SELL
HK.01876,15:52:56,21.2,2600,SELL
HK.01876,15:52:56,21.2,2100,SELL
HK.01876,15:52:56,21.25,1600,BUY
HK.01958,15:52:56,3.96,2000,BUY
HK.08083,15:52:59,0.67,4000,BUY
HK.01876,15:52:59,21.25,300,BUY
HK.01876,15:52:59,21.25,500,BUY
HK.01876,15:52:59,21.25,600,BUY
HK.08083,15:53:01,0.67,16000,BUY
HK.09959,15:53:02,6.91,1000,BUY
HK.09959,15:53:02,6.91,5000,BUY
HK.09959,15:53:02,6.89,1500,SELL
HK.09959,15:53:02,6.89,11000,SELL
HK.09959,15:53:02,6.89,12000,SELL
HK.09959,15:53:02,6.89,500,SELL
HK.08083,15:53:02,0.67,4000,BUY
HK.08083,15:53:02,0.66,4000,SELL
HK.00763,15:53:03,21.4,3000,BUY
HK.00763,15:53:05,21.4,1400,NEUTRAL
HK.00777,15:53:08,20.35,1000,BUY
HK.08083,15:53:10,0.67,4000,BUY
HK.01876,15:53:10,21.2,300,NEUTRAL
HK.01876,15:53:12,21.2,400,SELL
HK.00451,15:53:17,0.25,4000,SELL
HK.00451,15:53:17,0.25,4000,SELL
HK.01876,15:53:21,21.25,1300,BUY
HK.08083,15:53:30,0.67,8000,BUY
HK.00763,15:53:30,21.4,2000,BUY
HK.00179,15:53:31,16.68,1500,BUY
HK.08083,15:53:31,0.67,4000,BUY
HK.00179,15:53:31,16.68,500,BUY
HK.00763,15:53:31,21.4,800,BUY
HK.00763,15:53:31,21.4,200,BUY
HK.00763,15:53:31,21.4,200,BUY
HK.08083,15:53:31,0.67,8000,BUY
HK.00451,15:53:31,0.25,4000,NEUTRAL
HK.01958,15:53:32,3.94,4000,SELL
HK.00179,15:53:32,16.68,1000,BUY
HK.00179,15:53:33,16.68,500,BUY
HK.01876,15:53:35,21.2,900,SELL
HK.00763,15:53:35,21.35,200,SELL
HK.01876,15:53:36,21.2,300,SELL
HK.01876,15:53:36,21.25,500,BUY
HK.00777,15:53:38,20.35,1000,BUY
HK.00777,15:53:38,20.35,1000,BUY
HK.00763,15:53:38,21.4,3000,BUY
HK.00763,15:53:38,21.4,2400,BUY
HK.01876,15:53:38,21.2,300,SELL
HK.00777,15:53:39,20.305,500,NEUTRAL
HK.00179,15:53:40,16.68,500,BUY
HK.00763,15:53:41,21.4,1600,BUY
HK.00763,15:53:41,21.4,1600,BUY
HK.00763,15:53:41,21.4,200,NEUTRAL
HK.00763,15:53:42,21.4,1000,BUY
HK.00763,15:53:42,21.4,1600,BUY
HK.01876,15:53:45,21.25,300,BUY
HK.01876,15:53:45,21.2,100,SELL
HK.00763,15:53:48,21.4,2400,BUY
HK.00763,15:53:48,21.4,2000,BUY
HK.00763,15:53:48,21.4,200,BUY
HK.00763,15:53:48,21.4,3000,BUY
HK.00763,15:53:48,21.4,200,BUY
HK.00777,15:53:48,20.35,1000,BUY
HK.00777,15:53:49,20.35,500,NEUTRAL
HK.00763,15:53:50,21.4,400,NEUTRAL
HK.01958,15:53:51,3.94,4000,SELL
HK.01876,15:53:51,21.2,600,NEUTRAL
HK.01876,15:53:51,21.2,800,SELL
HK.00451,15:53:55,0.25,20000,SELL
HK.01876,15:53:56,21.2,300,SELL
HK.01876,15:53:56,21.25,1100,BUY
HK.01876,15:53:56,21.25,400,BUY
HK.01876,15:53:57,21.25,400,BUY
HK.09959,15:53:57,6.88,15000,SELL
HK.01958,15:54:02,3.94,2000,SELL
HK.01876,15:54:05,21.2,200,SELL
HK.01876,15:54:05,21.2,600,NEUTRAL
HK.01876,15:54:05,21.2,700,SELL
HK.01876,15:54:05,21.2,1400,SELL
HK.00763,15:54:05,21.4,200,NEUTRAL
HK.01876,15:54:06,21.25,700,BUY
HK.01876,15:54:12,21.2,100,SELL
HK.08083,15:54:17,0.67,8000,BUY
HK.00777,15:54:18,20.35,1000,BUY
HK.01958,15:54:18,3.95,4000,BUY
HK.01876,15:54:18,21.2,300,SELL
HK.01876,15:54:22,21.25,1300,BUY
HK.01876,15:54:24,21.25,500,BUY
HK.00451,15:54:31,0.25,4000,NEUTRAL
HK.01876,15:54:32,21.2,600,SELL
HK.01876,15:54:32,21.2,1900,SELL
HK.01876,15:54:32,21.2,200,NEUTRAL
HK.00338,15:54:33,1.79,18000,BUY
HK.01876,15:54:33,21.25,600,BUY
HK.01876,15:54:34,21.2,100,SELL
HK.00763,15:54:37,21.35,200,SELL
HK.00763,15:54:38,21.4,6400,BUY
HK.00763,15:54:38,21.4,200,BUY
HK.01876,15:54:38,21.2,300,SELL
HK.08083,15:54:39,0.66,4000,SELL
HK.00763,15:54:40,21.45,2400,BUY
HK.01958,15:54:41,3.95,55000,BUY
HK.01958,15:54:41,3.95,500,BUY
HK.01876,15:54:44,21.2,200,SELL
HK.00451,15:54:47,0.25,20000,SELL
HK.01876,15:54:50,21.2,900,SELL
HK.01876,15:54:51,21.2,200,SELL
HK.01876,15:54:52,21.2,700,SELL
HK.01876,15:54:52,21.25,14600,BUY
HK.01876,15:54:52,21.2,200,NEUTRAL
HK.01876,15:54:52,21.2,700,BUY
HK.01876,15:54:53,21.2,200,SELL
HK.00763,15:54:53,21.4,2400,BUY
HK.01876,15:54:53,21.25,300,NEUTRAL
HK.01876,15:54:53,21.25,3700,BUY
HK.01876,15:54:54,21.15,700,SELL
HK.08083,15:55:00,0.67,8000,BUY
HK.01958,15:55:01,3.96,108500,BUY
HK.08083,15:55:01,0.67,4000,BUY
HK.00451,15:55:03,0.255,86000,BUY
HK.00763,15:55:05,21.375,200,NEUTRAL
HK.01958,15:55:11,3.97,1000,BUY
HK.00763,15:55:14,21.4,2000,BUY
HK.01876,15:55:16,21.2,1300,SELL
HK.00777,15:55:16,20.35,1000,BUY
HK.01876,15:55:17,21.25,400,BUY
HK.00763,15:55:18,21.4,800,BUY
HK.00338,15:55:18,1.79,6000,BUY
HK.01876,15:55:19,21.2,500,SELL
HK.01876,15:55:19,21.2,7000,SELL
HK.01876,15:55:19,21.2,200,NEUTRAL
HK.01876,15:55:19,21.2,1400,SELL
HK.00179,15:55:19,16.68,500,BUY
HK.01876,15:55:19,21.25,1500,BUY
HK.00179,15:55:19,16.68,1000,BUY
HK.00451,15:55:20,0.25,6000,SELL
HK.00179,15:55:20,16.68,500,BUY
HK.00451,15:55:21,0.255,2000,BUY
HK.01876,15:55:22,21.2,2000,SELL
HK.09959,15:55:23,6.88,4500,BUY
HK.00763,15:55:23,21.45,200,BUY
HK.00763,15:55:24,21.4,3000,NEUTRAL
HK.00763,15:55:24,21.4,1800,NEUTRAL
HK.00763,15:55:24,21.4,6800,SELL
HK.00763,15:55:24,21.45,2600,BUY
HK.00763,15:55:25,21.45,200,BUY
HK.00763,15:55:27,21.4,2200,SELL
HK.00763,15:55:27,21.4,8000,SELL
HK.00763,15:55:27,21.4,9600,SELL
HK.01876,15:55:31,21.2,200,SELL
HK.01958,15:55:32,3.97,8000,BUY
HK.08083,15:55:32,0.66,4000,SELL
HK.08083,15:55:32,0.67,8000,BUY
HK.00179,15:55:39,16.68,1000,BUY
HK.01958,15:55:42,3.96,500,BUY
HK.01958,15:55:42,3.97,146500,BUY
HK.01958,15:55:42,3.97,1500,NEUTRAL
HK.01958,15:55:42,3.96,3500,BUY
HK.01958,15:55:42,3.96,500,NEUTRAL
HK.00763,15:55:42,21.35,5000,SELL
HK.00763,15:55:42,21.4,200,NEUTRAL
HK.00179,15:55:42,16.68,1000,BUY
HK.00179,15:55:42,16.68,1000,BUY
HK.00179,15:55:43,16.7,500,BUY
HK.00179,15:55:43,16.7,1000,BUY
HK.00179,15:55:45,16.72,500,NEUTRAL
HK.00451,15:55:47,0.25,6000,SELL
HK.00451,15:55:47,0.25,4000,SELL
HK.00777,15:55:50,20.35,1000,BUY
HK.08083,15:55:50,0.67,8000,NEUTRAL
HK.08083,15:55:50,0.66,4000,SELL
HK.08083,15:55:51,0.67,4000,BUY
HK.01958,15:55:52,3.96,3000,BUY
HK.00451,15:55:55,0.25,4000,NEUTRAL
HK.01876,15:55:56,21.2,200,SELL
HK.01876,15:55:56,21.2,3300,NEUTRAL
HK.01876,15:55:56,21.2,300,SELL
HK.01876,15:55:56,21.25,800,BUY
HK.09959,15:55:56,6.88,500,BUY
HK.00763,15:55:57,21.35,2400,SELL
HK.00763,15:55:57,21.45,600,BUY
HK.01876,15:55:57,21.2,300,SELL
HK.00763,15:55:58,21.3,600,SELL
HK.00763,15:55:59,21.35,1800,NEUTRAL
HK.01876,15:56:03,21.2,200,SELL
HK.01958,15:56:03,3.96,3000,BUY
HK.00777,15:56:04,20.35,500,BUY
HK.00777,15:56:04,20.35,500,BUY
HK.01958,15:56:06,3.96,24500,BUY
HK.01958,15:56:06,3.96,500,BUY
HK.00451,15:56:06,0.25,80000,SELL
HK.00777,15:56:09,20.35,1000,BUY
HK.00777,15:56:09,20.35,500,SELL
HK.08083,15:56:09,0.67,20000,BUY
HK.01958,15:56:09,3.96,2000,BUY
HK.08083,15:56:10,0.67,4000,BUY
HK.01876,15:56:11,21.2,100,SELL
HK.00763,15:56:12,21.35,1600,SELL
HK.00763,15:56:12,21.3,600,SELL
HK.00763,15:56:12,21.35,200,NEUTRAL
HK.01876,15:56:12,21.2,300,SELL
HK.01876,15:56:12,21.25,300,BUY
HK.01876,15:56:12,21.2,100,SELL
HK.01317,15:56:15,0.69,6000,BUY
HK.00777,15:56:15,20.35,500,BUY
HK.01317,15:56:15,0.68,10000,SELL
HK.01317,15:56:16,0.69,6000,BUY
HK.09959,15:56:19,6.88,1500,BUY
HK.09959,15:56:19,6.88,1500,BUY
HK.00763,15:56:23,21.35,3200,SELL
HK.01958,15:56:24,3.96,20000,BUY
HK.01876,15:56:26,21.2,200,NEUTRAL
HK.01876,15:56:26,21.2,100,SELL
HK.00763,15:56:26,21.3,600,SELL
HK.01876,15:56:27,21.2,600,SELL
HK.01876,15:56:27,21.2,2400,SELL
HK.09959,15:56:27,6.85,5000,SELL
HK.00777,15:56:28,20.35,500,BUY
HK.01876,15:56:28,21.25,600,BUY
HK.01876,15:56:29,21.2,100,SELL
HK.00451,15:56:30,0.25,10000,SELL
HK.00338,15:56:31,1.79,2000,BUY
HK.01876,15:56:31,21.2,1000,SELL
HK.00179,15:56:32,16.7,500,BUY
HK.00179,15:56:32,16.7,1000,BUY
HK.01958,15:56:32,3.97,47000,BUY
HK.01958,15:56:32,3.96,500,BUY
HK.01876,15:56:38,21.2,300,SELL
HK.00338,15:56:38,1.79,2000,BUY
HK.00451,15:56:38,0.255,22000,BUY
HK.01958,15:56:42,3.97,107000,BUY
HK.00777,15:56:43,20.35,500,BUY
HK.01876,15:56:44,21.2,200,SELL
HK.01876,15:56:44,21.25,300,BUY
HK.00763,15:56:45,21.3,600,SELL
HK.00179,15:56:46,16.7,5000,BUY
HK.00179,15:56:46,16.7,500,BUY
HK.00338,15:56:46,1.79,2000,BUY
HK.00179,15:56:47,16.7,1500,BUY
HK.00763,15:56:47,21.3,200,SELL
HK.08083,15:56:47,0.66,4000,SELL
HK.08083,15:56:47,0.67,4000,BUY
HK.08083,15:56:47,0.67,4000,BUY
HK.00179,15:56:48,16.72,500,BUY
HK.00179,15:56:49,16.72,1000,BUY
HK.00338,15:56:51,1.79,2000,BUY
HK.00179,15:56:53,16.72,500,BUY
HK.00179,15:56:53,16.72,500,BUY
HK.00451,15:56:55,0.25,6000,NEUTRAL
HK.00179,15:56:55,16.74,500,BUY
HK.00179,15:56:56,16.74,500,BUY
HK.08083,15:56:57,0.67,4000,BUY
HK.00179,15:56:57,16.74,500,BUY
HK.08083,15:56:57,0.67,12000,BUY
HK.01876,15:56:57,21.25,700,NEUTRAL
HK.08083,15:56:58,0.67,4000,BUY
HK.00451,15:56:58,0.255,8000,BUY
HK.01317,15:56:59,0.69,10000,BUY
HK.00338,15:57:00,1.79,2000,BUY
HK.09959,15:57:00,6.88,2000,BUY
HK.01876,15:57:01,21.2,1500,SELL
HK.01876,15:57:01,21.2,500,NEUTRAL
HK.01876,15:57:02,21.25,600,BUY
HK.01958,15:57:03,3.98,500,NEUTRAL
HK.00763,15:57:03,21.3,600,SELL
HK.00338,15:57:04,1.79,18000,BUY
HK.00338,15:57:05,1.79,2000,BUY
HK.01876,15:57:08,21.2,700,SELL
HK.01876,15:57:08,21.2,300,SELL
HK.01876,15:57:09,21.2,500,BUY
HK.01876,15:57:09,21.15,300,SELL
HK.01876,15:57:09,21.15,300,SELL
HK.01876,15:57:10,21.2,8600,BUY
HK.01876,15:57:10,21.2,4400,BUY
HK.01876,15:57:10,21.2,31600,BUY
HK.01876,15:57:10,21.2,49700,BUY
HK.01876,15:57:10,21.25,29700,BUY
HK.00763,15:57:10,21.3,200,SELL
HK.01876,15:57:11,21.2,100,SELL
HK.00338,15:57:11,1.79,2000,BUY
HK.00763,15:57:12,21.3,1600,SELL
HK.09959,15:57:13,6.85,500,SELL
HK.09959,15:57:13,6.85,1000,SELL
HK.01958,15:57:15,3.98,301000,BUY
HK.01958,15:57:16,3.98,93500,BUY
HK.00338,15:57:17,1.79,2000,BUY
HK.00338,15:57:17,1.79,2000,BUY
HK.00763,15:57:17,21.3,600,SELL
HK.00451,15:57:17,0.25,6000,SELL
HK.08083,15:57:17,0.67,8000,BUY
HK.00451,15:57:18,0.255,18000,BUY
HK.00451,15:57:18,0.255,2000,BUY
HK.01958,15:57:18,3.97,10000,NEUTRAL
HK.09959,15:57:22,6.88,2000,BUY
HK.00338,15:57:23,1.79,2000,BUY
HK.09959,15:57:23,6.88,1000,BUY
HK.01876,15:57:24,21.25,1700,BUY
HK.01876,15:57:24,21.2,5100,SELL
HK.01876,15:57:26,21.25,600,BUY
HK.01317,15:57:26,0.69,6000,BUY
HK.01876,15:57:26,21.2,200,SELL
HK.01876,15:57:26,21.2,1800,SELL
HK.01876,15:57:27,21.15,200,SELL
HK.00777,15:57:28,20.35,500,BUY
HK.00451,15:57:28,0.255,10000,BUY
HK.00763,15:57:32,21.3,600,SELL
HK.00338,15:57:32,1.79,2000,BUY
HK.08083,15:57:32,0.66,4000,SELL
HK.00777,15:57:32,20.35,500,BUY
HK.01958,15:57:33,3.96,16500,SELL
HK.01958,15:57:33,3.96,1500,SELL
HK.00763,15:57:35,21.3,12600,SELL
HK.00179,15:57:36,16.74,6000,BUY
HK.00179,15:57:36,16.74,500,SELL
HK.00338,15:57:37,1.79,2000,BUY
HK.00179,15:57:37,16.76,2500,BUY
HK.01876,15:57:37,21.25,700,BUY
HK.01876,15:57:37,21.15,2000,SELL
HK.00179,15:57:38,16.76,1000,BUY
HK.00179,15:57:38,16.76,1500,BUY
HK.00451,15:57:38,0.255,10000,BUY
HK.00763,15:57:39,21.25,3600,SELL
HK.00179,15:57:39,16.76,500,BUY
HK.00179,15:57:39,16.76,1000,BUY
HK.08083,15:57:40,0.66,8000,SELL
HK.00451,15:57:40,0.25,8000,SELL
HK.08083,15:57:41,0.67,4000,BUY
HK.00338,15:57:43,1.79,2000,BUY
HK.00763,15:57:44,21.25,600,SELL
HK.00777,15:57:45,20.35,500,BUY
HK.00338,15:57:49,1.79,2000,BUY
HK.01876,15:57:51,21.25,600,BUY
HK.00777,15:57:51,20.35,500,BUY
HK.01317,15:57:51,0.69,2000,BUY
HK.00777,15:57:51,20.35,1500,BUY
HK.09959,15:57:51,6.86,2000,SELL
HK.00777,15:57:51,20.35,1000,BUY
HK.00777,15:57:51,20.35,500,BUY
HK.00777,15:57:52,20.35,1500,NEUTRAL
HK.00777,15:57:53,20.35,500,BUY
HK.00777,15:57:53,20.35,500,BUY
HK.00451,15:57:54,0.255,2000,BUY
HK.01876,15:57:55,21.15,200,SELL
HK.00451,15:57:55,0.25,4000,NEUTRAL
HK.09959,15:57:55,6.87,5500,BUY
HK.00451,15:57:56,0.255,70000,BUY
HK.00338,15:57:56,1.79,2000,BUY
HK.01876,15:57:57,21.25,400,BUY
HK.01876,15:57:57,21.25,600,BUY
HK.00451,15:57:58,0.255,8000,BUY
HK.00451,15:57:58,0.255,10000,BUY
HK.00451,15:57:58,0.255,6000,BUY
HK.01876,15:58:00,21.25,9600,BUY
HK.01317,15:58:00,0.69,10000,BUY
HK.01317,15:58:00,0.69,2000,BUY
HK.01876,15:58:00,21.25,30200,BUY
HK.09959,15:58:02,6.87,5000,BUY
HK.09959,15:58:02,6.87,4000,BUY
HK.09959,15:58:02,6.87,500,NEUTRAL
HK.09959,15:58:02,6.87,1000,BUY
HK.00338,15:58:02,1.79,2000,BUY
HK.09959,15:58:02,6.87,1500,BUY
HK.00763,15:58:03,21.25,600,SELL
HK.00763,15:58:03,21.25,200,SELL
HK.00763,15:58:03,21.25,200,SELL
HK.01876,15:58:03,21.25,600,BUY
HK.09959,15:58:04,6.86,1500,SELL
HK.00763,15:58:04,21.25,200,SELL
HK.08083,15:58:05,0.67,4000,BUY
HK.00451,15:58:06,0.255,10000,BUY
HK.00451,15:58:06,0.255,4000,BUY
HK.00338,15:58:09,1.79,2000,BUY
HK.01876,15:58:09,21.25,600,BUY
HK.00179,15:58:09,16.76,500,BUY
HK.01876,15:58:09,21.25,400,BUY
HK.09959,15:58:10,6.85,1000,SELL
HK.00451,15:58:10,0.25,2000,SELL
HK.00451,15:58:10,0.255,6000,BUY
HK.00777,15:58:11,20.35,500,BUY
HK.00451,15:58:12,0.25,4000,SELL
HK.01876,15:58:12,21.15,300,SELL
HK.00777,15:58:12,20.35,500,BUY
HK.00763,15:58:13,21.25,400,SELL
HK.00763,15:58:15,21.25,600,SELL
HK.01876,15:58:15,21.25,600,BUY
HK.00451,15:58:15,0.255,4000,BUY
HK.00763,15:58:15,21.25,600,SELL
HK.00338,15:58:15,1.79,2000,BUY
HK.09959,15:58:16,6.85,5000,BUY
HK.01958,15:58:16,3.95,10000,SELL
HK.08083,15:58:17,0.67,8000,BUY
HK.08083,15:58:17,0.66,4000,SELL
HK.00777,15:58:18,20.35,500,BUY
HK.00777,15:58:18,20.35,500,BUY
HK.00777,15:58:19,20.4,1000,BUY
HK.00777,15:58:19,20.35,2000,BUY
HK.00777,15:58:19,20.35,1000,NEUTRAL
HK.00777,15:58:19,20.35,500,BUY
HK.00777,15:58:20,20.35,500,NEUTRAL
HK.09959,15:58:20,6.85,3500,BUY
HK.00451,15:58:22,0.255,2000,BUY
HK.01958,15:58:22,3.97,145000,BUY
HK.00777,15:58:23,20.35,500,BUY
HK.00451,15:58:23,0.255,2000,BUY
HK.08083,15:58:23,0.67,4000,BUY
HK.08083,15:58:23,0.67,4000,BUY
HK.00338,15:58:23,1.79,2000,BUY
HK.08083,15:58:23,0.67,12000,BUY
HK.08083,15:58:23,0.67,8000,BUY
HK.08083,15:58:23,0.67,8000,BUY
HK.08083,15:58:24,0.67,8000,BUY
HK.01958,15:58:25,3.97,95500,BUY
HK.01958,15:58:25,3.96,2000,BUY
HK.00451,15:58:26,0.255,2000,BUY
HK.00451,15:58:26,0.25,4000,NEUTRAL
HK.00451,15:58:26,0.25,2000,NEUTRAL
HK.00451,15:58:26,0.25,4000,NEUTRAL
HK.01876,15:58:27,21.2,300,SELL
HK.01876,15:58:27,21.2,200,SELL
HK.08083,15:58:29,0.67,4000,BUY
HK.08083,15:58:29,0.67,4000,BUY
HK.01317,15:58:29,0.69,2000,BUY
HK.00338,15:58:30,1.79,2000,BUY
HK.01317,15:58:30,0.69,2000,BUY
HK.00763,15:58:31,21.25,600,SELL
HK.00451,15:58:36,0.255,6000,BUY
HK.09959,15:58:36,6.9,9000,BUY
HK.09959,15:58:36,6.9,4500,BUY
HK.09959,15:58:36,6.9,10500,BUY
HK.09959,15:58:36,6.89,41500,BUY
HK.09959,15:58:36,6.88,28500,BUY
HK.09959,15:58:36,6.87,2000,BUY
HK.09959,15:58:36,6.86,10500,BUY
HK.09959,15:58:36,6.85,23000,BUY
HK.01876,15:58:37,21.2,300,SELL
HK.00338,15:58:38,1.79,2000,BUY
HK.00451,15:58:38,0.255,18000,BUY
HK.09959,15:58:39,6.9,500,SELL
HK.09959,15:58:40,6.9,191000,SELL
HK.09959,15:58:40,6.9,13500,SELL
HK.00451,15:58:41,0.255,276000,BUY
HK.00451,15:58:41,0.255,2000,BUY
HK.00451,15:58:41,0.25,2000,SELL
HK.09959,15:58:41,6.9,146000,SELL
HK.09959,15:58:41,6.9,8500,SELL
HK.00777,15:58:41,20.3,1000,SELL
HK.01958,15:58:41,3.97,2000,BUY
HK.00338,15:58:43,1.79,2000,BUY
HK.09959,15:58:44,6.9,2000,SELL
HK.01958,15:58:44,3.97,500,BUY
HK.09959,15:58:44,6.9,9500,SELL
HK.09959,15:58:44,6.9,500,SELL
HK.00763,15:58:45,21.25,600,SELL
HK.00777,15:58:46,20.35,500,NEUTRAL
HK.00777,15:58:46,20.35,500,BUY
HK.00763,15:58:47,21.35,1200,BUY
HK.00763,15:58:47,21.35,200,NEUTRAL
HK.00763,15:58:47,21.3,2000,BUY
HK.00451,15:58:47,0.25,2000,SELL
HK.00763,15:58:47,21.3,3600,BUY
HK.00763,15:58:47,21.3,800,BUY
HK.01958,15:58:47,3.96,500,SELL
HK.09959,15:58:48,6.9,1500,SELL
HK.00338,15:58:49,1.79,2000,BUY
HK.00777,15:58:50,20.35,1000,NEUTRAL
HK.00777,15:58:51,20.4,500,BUY
HK.00777,15:58:51,20.4,1000,BUY
HK.00777,15:58:51,20.4,1500,BUY
HK.00777,15:58:51,20.35,1000,NEUTRAL
HK.09959,15:58:51,6.9,1500,SELL
HK.00763,15:58:51,21.35,200,NEUTRAL
HK.00777,15:58:52,20.4,500,BUY
HK.01958,15:58:52,3.97,38000,BUY
HK.00451,15:58:52,0.255,18000,BUY
HK.00451,15:58:52,0.255,16000,BUY
HK.09959,15:58:53,6.9,2000,SELL
HK.00451,15:58:54,0.255,6000,BUY
HK.00338,15:58:55,1.79,2000,BUY
HK.00451,15:58:55,0.25,4000,SELL
HK.08083,15:58:55,0.67,4000,BUY
HK.01958,15:58:56,3.96,500,SELL
HK.01958,15:58:56,3.96,500,SELL
HK.08083,15:58:56,0.67,4000,BUY
HK.01876,15:58:57,21.25,1200,BUY
HK.01876,15:58:57,21.25,3600,NEUTRAL
HK.09959,15:58:57,6.9,500,SELL
HK.01876,15:58:57,21.2,200,SELL
HK.09959,15:58:57,6.91,500,BUY
HK.08083,15:58:58,0.67,4000,BUY
HK.01958,15:58:58,3.97,12500,BUY
HK.00763,15:58:59,21.35,800,BUY
HK.00763,15:58:59,21.35,200,BUY
HK.00777,15:58:59,20.35,500,BUY
HK.00777,15:58:59,20.35,500,NEUTRAL
HK.00777,15:59:00,20.4,500,BUY
HK.01876,15:59:00,21.25,2000,BUY
HK.01958,15:59:00,3.97,13000,BUY
HK.01876,15:59:00,21.25,3800,NEUTRAL
HK.01876,15:59:00,21.25,2100,BUY
HK.01958,15:59:00,3.96,500,SELL
HK.01958,15:59:00,3.97,4500,BUY
HK.00777,15:59:01,20.4,500,BUY
HK.01876,15:59:02,21.25,500,BUY
HK.01876,15:59:02,21.25,800,BUY
HK.01876,15:59:02,21.25,100,BUY
HK.01876,15:59:02,21.25,400,BUY
HK.01958,15:59:02,3.97,4000,BUY
HK.00338,15:59:03,1.79,2000,BUY
HK.00338,15:59:03,1.79,2000,BUY
HK.00451,15:59:03,0.255,4000,BUY
HK.01958,15:59:03,3.96,1000,SELL
HK.01958,15:59:03,3.97,2000,BUY
HK.00777,15:59:04,20.4,500,BUY
HK.01958,15:59:04,3.97,2000,BUY
HK.00179,15:59:04,16.72,500,SELL
HK.00777,15:59:05,20.35,500,NEUTRAL
HK.01876,15:59:05,21.2,300,SELL
HK.01958,15:59:05,3.97,2000,BUY
HK.01958,15:59:05,3.96,1500,SELL
HK.01876,15:59:05,21.25,200,BUY
HK.01876,15:59:05,21.25,500,BUY
HK.00338,15:59:06,1.79,20000,BUY
HK.00338,15:59:06,1.79,16000,BUY
HK.01317,15:59:06,0.69,2000,BUY
HK.00777,15:59:06,20.4,500,BUY
HK.00777,15:59:06,20.3,500,SELL
HK.01958,15:59:06,3.97,2500,BUY
HK.09959,15:59:06,6.83,500,SELL
HK.00777,15:59:06,20.35,3000,SELL
HK.01876,15:59:07,21.25,500,BUY
HK.01958,15:59:07,3.97,2000,BUY
HK.01958,15:59:07,3.96,500,SELL
HK.01317,15:59:07,0.69,4000,BUY
HK.01958,15:59:08,3.97,2000,BUY
HK.00338,15:59:09,1.79,2000,BUY
HK.00451,15:59:09,0.255,540000,BUY
HK.09959,15:59:09,6.91,4000,BUY
HK.01876,15:59:10,21.25,500,BUY
HK.01958,15:59:10,3.97,4000,BUY
HK.01876,15:59:12,21.25,500,BUY
HK.00451,15:59:13,0.255,4000,BUY
HK.01958,15:59:13,3.97,31000,BUY
HK.01958,15:59:13,3.98,30000,BUY
HK.01958,15:59:13,3.97,6500,BUY
HK.09959,15:59:13,6.83,2500,SELL
HK.09959,15:59:13,6.83,500,SELL
HK.01958,15:59:13,3.95,500,SELL
HK.00451,15:59:14,0.255,54000,BUY
HK.01958,15:59:15,3.95,1500,SELL
HK.01958,15:59:15,3.97,500,BUY
HK.01958,15:59:15,3.98,3000,BUY
HK.01958,15:59:15,3.96,500,BUY
HK.01876,15:59:15,21.25,500,BUY
HK.00338,15:59:15,1.79,2000,BUY
HK.01876,15:59:16,21.25,300,BUY
HK.01958,15:59:16,3.98,2000,BUY
HK.01958,15:59:16,3.95,500,SELL
HK.01876,15:59:17,21.25,500,BUY
HK.01958,15:59:17,3.98,2000,BUY
HK.00451,15:59:17,0.25,2000,SELL
HK.09959,15:59:17,6.91,3500,BUY
HK.00451,15:59:17,0.25,2000,SELL
HK.01958,15:59:19,3.98,4500,BUY
HK.01876,15:59:19,21.25,200,BUY
HK.01317,15:59:19,0.69,4000,BUY
HK.09959,15:59:20,6.91,6000,BUY
HK.00338,15:59:20,1.79,2000,BUY
HK.01317,15:59:20,0.7,6000,BUY
HK.01958,15:59:20,3.98,2000,BUY
HK.00451,15:59:20,0.255,30000,BUY
HK.01317,15:59:20,0.69,66000,NEUTRAL
HK.01317,15:59:20,0.69,110000,BUY
HK.01317,15:59:20,0.7,8000,BUY
HK.01876,15:59:20,21.25,500,BUY
HK.00763,15:59:20,21.35,600,BUY
HK.01317,15:59:20,0.7,6000,BUY
HK.00338,15:59:20,1.79,4000,BUY
HK.01958,15:59:21,3.98,2000,BUY
HK.01317,15:59:21,0.7,2000,BUY
HK.01958,15:59:21,3.96,500,NEUTRAL
HK.01876,15:59:22,21.2,200,SELL
HK.01876,15:59:22,21.25,500,BUY
HK.00451,15:59:22,0.255,16000,BUY
HK.01876,15:59:22,21.25,300,BUY
HK.00338,15:59:22,1.79,2000,BUY
HK.01958,15:59:22,3.98,2000,BUY
HK.01958,15:59:22,3.95,500,SELL
HK.00763,15:59:22,21.35,200,BUY
HK.01958,15:59:23,3.98,2000,BUY
HK.00179,15:59:23,16.72,500,SELL
HK.00777,15:59:24,20.4,500,BUY
HK.00777,15:59:24,20.4,500,BUY
HK.01317,15:59:24,0.7,2000,BUY
HK.01317,15:59:24,0.7,18000,BUY
HK.00451,15:59:24,0.255,4000,BUY
HK.01317,15:59:25,0.7,2000,BUY
HK.01958,15:59:25,3.98,4500,BUY
HK.01876,15:59:25,21.25,500,BUY
HK.01317,15:59:25,0.7,10000,BUY
HK.01876,15:59:25,21.25,200,BUY
HK.01958,15:59:26,3.98,2000,BUY
HK.00763,15:59:26,21.35,200,BUY
HK.01958,15:59:26,3.98,500,BUY
HK.08083,15:59:26,0.67,8000,NEUTRAL
HK.08083,15:59:26,0.66,4000,SELL
HK.00179,15:59:26,16.72,1000,SELL
HK.00451,15:59:27,0.255,4000,BUY
HK.00777,15:59:27,20.4,500,BUY
HK.00338,15:59:27,1.79,2000,BUY
HK.08083,15:59:27,0.67,4000,BUY
HK.01876,15:59:27,21.2,3000,SELL
HK.01876,15:59:27,21.2,300,NEUTRAL
HK.01876,15:59:27,21.2,700,SELL
HK.01876,15:59:27,21.25,100,BUY
HK.08083,15:59:27,0.66,20000,SELL
HK.00777,15:59:28,20.4,500,BUY
HK.00763,15:59:28,21.3,1200,SELL
HK.08083,15:59:28,0.67,4000,BUY
HK.01876,15:59:28,21.2,8000,SELL
HK.01876,15:59:28,21.25,3400,BUY
HK.08083,15:59:28,0.66,12000,SELL
HK.00763,15:59:29,21.25,200,SELL
HK.09959,15:59:29,6.91,500,BUY
HK.01876,15:59:30,21.2,300,SELL
HK.01876,15:59:30,21.25,900,BUY
HK.01876,15:59:30,21.25,300,BUY
HK.00451,15:59:30,0.255,450000,BUY
HK.08083,15:59:30,0.66,16000,SELL
HK.00451,15:59:30,0.255,4000,BUY
HK.00777,15:59:30,20.3,1000,SELL
HK.01958,15:59:30,3.98,8000,BUY
HK.00777,15:59:30,20.3,1000,NEUTRAL
HK.09959,15:59:30,6.83,1000,SELL
HK.00763,15:59:30,21.25,1200,SELL
HK.08083,15:59:30,0.67,4000,BUY
HK.08083,15:59:30,0.66,4000,SELL
HK.08083,15:59:30,0.67,24000,BUY
HK.01317,15:59:30,0.7,2000,BUY
HK.01317,15:59:30,0.7,2000,BUY
HK.00777,15:59:30,20.4,500,BUY
HK.00763,15:59:30,21.25,600,SELL
HK.01876,15:59:30,21.2,500,NEUTRAL
HK.01876,15:59:30,21.2,300,SELL
HK.00338,15:59:30,1.79,2000,BUY
HK.00338,15:59:30,1.79,2000,BUY